N,P,K,temp,humidity,pH,rainfall,label
103.31,46.92,41.08,27.54,84.61,5.69,264.48,Rice
105.12,45.54,40.9,24.23,84.22,5.81,177.17,Rice
88.5,45.16,38.31,25.52,83.49,5.4,261.64,Rice
98.49,47.78,37.63,24.09,85.18,5.46,234.39,Rice
96.0,46.28,39.0,28.09,84.98,5.49,245.56,Rice
91.86,48.37,36.73,22.79,85.33,5.93,229.28,Rice
99.23,46.25,37.54,23.8,84.23,6.01,233.59,Rice
88.25,48.85,39.36,23.87,86.02,6.01,248.28,Rice
94.41,46.21,40.55,26.63,84.2,5.7,197.34,Rice
92.03,50.89,42.26,24.88,86.67,5.84,208.87,Rice
102.41,53.91,39.94,27.61,80.63,5.96,227.18,Rice
98.01,47.88,36.69,24.63,85.6,6.12,212.04,Rice
94.61,45.41,41.53,25.55,84.12,5.88,227.43,Rice
106.46,44.57,39.45,24.35,82.56,5.82,231.53,Rice
100.03,46.52,37.64,24.3,84.43,5.55,220.97,Rice
102.69,55.36,40.29,25.43,84.88,5.27,224.34,Rice
100.4,57.76,39.68,25.5,84.94,5.46,253.57,Rice
105.01,50.8,38.48,27.34,82.66,5.9,279.76,Rice
93.4,45.14,40.17,24.16,82.42,5.77,198.44,Rice
103.16,43.67,42.58,23.69,84.46,5.95,194.23,Rice
101.52,52.95,37.32,25.31,85.43,5.95,194.08,Rice
91.2,49.67,40.49,25.42,85.58,5.58,230.81,Rice
101.95,44.52,43.11,25.79,83.01,5.91,200.63,Rice
105.25,52.33,38.63,26.61,85.69,5.96,272.42,Rice
98.36,44.36,38.52,23.64,84.87,5.84,231.92,Rice
105.51,47.55,42.42,24.56,89.53,5.91,203.57,Rice
92.86,49.51,39.63,26.19,85.79,5.73,203.83,Rice
89.9,45.64,41.43,25.36,82.92,5.79,234.63,Rice
94.11,48.14,40.1,23.1,85.6,5.89,252.08,Rice
107.03,41.76,38.44,25.86,85.86,5.88,321.32,Rice
103.81,52.23,41.59,26.09,84.47,5.94,205.68,Rice
98.42,45.48,40.14,28.86,81.89,5.92,184.68,Rice
96.85,52.04,40.11,23.2,83.81,5.92,206.74,Rice
101.44,47.69,38.91,28.57,86.06,5.24,229.66,Rice
95.59,51.05,38.68,24.81,85.84,5.97,194.99,Rice
97.77,45.52,38.91,27.94,85.67,5.43,247.95,Rice
114.15,51.8,37.47,24.19,87.11,5.57,236.1,Rice
105.16,43.64,39.9,19.6,83.29,5.69,193.81,Rice
110.88,41.54,39.27,25.22,87.4,5.39,254.08,Rice
100.07,43.41,40.77,25.33,84.0,5.77,215.37,Rice
100.76,50.26,42.64,22.94,88.56,5.26,221.21,Rice
103.92,48.67,38.96,24.65,84.18,5.6,246.24,Rice
102.38,44.61,41.5,25.51,86.35,5.91,204.28,Rice
96.27,50.61,41.02,24.97,85.2,6.07,210.21,Rice
103.65,46.66,39.64,26.83,86.38,5.95,257.64,Rice
100.14,50.34,39.48,25.54,84.78,5.77,239.88,Rice
94.55,56.22,38.32,22.98,86.93,5.95,240.6,Rice
104.19,47.45,38.5,25.13,83.87,5.99,221.32,Rice
94.5,46.16,40.69,24.06,83.63,5.81,231.12,Rice
96.62,45.54,40.39,22.59,82.65,5.57,219.66,Rice
102.07,53.65,41.43,24.73,84.97,5.5,224.54,Rice
98.08,48.84,38.62,25.87,87.55,5.72,235.04,Rice
104.6,45.83,40.37,25.02,85.16,5.56,225.61,Rice
103.32,53.55,41.6,28.59,83.72,5.97,229.58,Rice
114.6,44.13,38.6,24.0,81.46,5.62,206.02,Rice
101.0,48.92,43.13,26.58,84.04,5.53,237.3,Rice
91.2,55.13,41.97,24.22,82.14,6.09,222.14,Rice
108.25,40.86,39.0,25.01,85.08,5.64,240.57,Rice
92.88,46.91,40.2,25.86,86.19,5.47,186.65,Rice
108.52,48.88,38.75,27.59,85.19,6.04,226.69,Rice
113.74,54.81,39.59,26.62,86.08,6.09,200.88,Rice
104.57,51.91,37.07,23.03,81.6,5.68,242.94,Rice
110.02,47.81,42.71,22.7,82.16,5.74,234.6,Rice
99.78,38.89,39.85,22.83,86.12,5.84,201.5,Rice
96.57,43.09,39.9,26.59,83.36,5.88,211.74,Rice
94.71,47.05,38.27,24.08,83.0,6.24,225.88,Rice
95.34,48.39,39.81,24.63,86.02,5.94,211.74,Rice
96.16,46.35,36.16,22.47,87.28,6.16,218.77,Rice
103.84,48.8,45.13,26.87,84.79,5.51,184.84,Rice
101.36,44.35,37.63,23.92,83.2,6.17,247.04,Rice
99.95,53.67,40.13,23.56,87.54,5.88,199.07,Rice
98.73,43.85,37.7,26.54,88.18,5.4,239.07,Rice
95.66,45.47,39.01,23.56,85.08,5.54,231.76,Rice
99.67,46.5,38.49,24.04,86.26,5.88,200.56,Rice
100.66,50.63,37.22,25.91,83.9,5.89,205.92,Rice
87.97,40.72,40.08,25.43,83.49,5.91,183.46,Rice
99.56,42.45,38.91,25.08,83.57,5.65,250.16,Rice
96.15,50.98,38.12,25.88,87.4,5.13,205.08,Rice
103.85,46.65,40.62,23.99,85.14,5.71,254.19,Rice
101.7,48.91,39.31,24.19,84.28,5.85,214.48,Rice
101.93,56.15,41.45,24.46,87.0,5.65,174.05,Rice
93.28,39.71,39.41,25.03,87.79,5.83,219.52,Rice
105.53,38.29,40.39,26.28,82.54,6.04,233.46,Rice
97.23,50.14,43.78,25.3,85.41,5.64,203.75,Rice
105.54,43.93,40.12,24.2,85.8,5.83,250.94,Rice
96.6,46.38,38.37,24.26,85.63,5.94,201.95,Rice
105.8,53.15,40.69,28.13,83.71,5.44,180.53,Rice
109.97,50.23,39.91,25.47,83.12,6.36,228.23,Rice
100.73,50.52,40.8,25.37,83.68,5.87,272.05,Rice
108.97,54.14,39.15,23.35,84.79,5.76,252.35,Rice
88.72,53.87,39.74,24.29,83.31,5.34,245.58,Rice
100.49,42.13,37.84,24.44,87.78,5.69,187.42,Rice
98.36,46.36,35.51,24.91,84.62,5.92,271.22,Rice
107.51,46.38,38.16,29.29,85.1,5.75,224.4,Rice
101.32,46.9,39.04,24.09,84.95,5.61,207.18,Rice
100.71,46.44,42.51,20.58,86.82,6.06,173.17,Rice
97.72,45.95,37.65,23.7,83.15,6.19,248.39,Rice
108.48,50.51,38.12,24.13,85.82,5.44,242.82,Rice
98.4,45.94,41.18,25.74,84.4,6.04,197.97,Rice
104.11,49.97,39.48,25.54,82.91,5.98,220.38,Rice
96.52,51.87,38.83,22.65,82.41,5.9,192.99,Rice
111.7,38.83,42.83,25.35,84.84,5.61,234.98,Rice
99.75,52.1,40.19,25.25,84.39,5.74,232.7,Rice
88.6,41.88,41.24,25.28,84.69,5.75,233.69,Rice
96.4,44.26,40.33,23.37,85.68,5.32,250.73,Rice
103.15,48.57,41.64,27.78,86.69,5.29,193.01,Rice
95.83,47.61,40.86,23.79,85.31,5.56,209.71,Rice
90.62,43.65,37.75,23.37,86.76,5.51,290.81,Rice
103.29,48.27,38.57,26.17,84.04,5.78,289.0,Rice
99.36,52.29,38.83,24.94,87.95,5.59,270.31,Rice
104.72,45.16,41.05,26.62,86.04,5.36,206.82,Rice
98.35,47.19,41.03,25.3,82.77,5.85,240.26,Rice
103.73,52.0,41.39,25.77,84.88,5.33,235.74,Rice
101.38,48.63,37.87,23.2,86.76,5.74,242.04,Rice
100.19,47.62,41.56,24.14,85.16,5.63,214.14,Rice
97.94,48.43,39.2,27.09,83.51,5.7,214.01,Rice
109.65,48.32,41.72,22.52,85.45,5.97,227.06,Rice
107.1,45.34,42.35,28.83,84.4,5.64,261.33,Rice
110.53,45.32,39.3,24.53,82.76,5.52,199.9,Rice
94.88,47.36,40.39,27.58,83.34,6.0,219.65,Rice
99.67,50.31,38.13,25.64,85.28,5.87,232.23,Rice
116.37,44.84,39.12,23.96,84.07,5.59,254.73,Rice
109.47,45.12,38.61,25.79,84.08,5.91,230.07,Rice
89.9,53.95,42.99,23.98,84.35,5.82,233.36,Rice
104.39,55.88,39.71,23.67,82.7,5.57,224.17,Rice
111.96,45.34,40.37,24.97,86.98,6.38,211.73,Rice
96.74,51.85,41.14,28.08,85.97,5.66,239.77,Rice
107.39,50.92,40.85,26.78,86.95,6.1,241.22,Rice
98.89,48.11,42.01,23.64,85.61,5.65,225.72,Rice
108.52,48.3,40.08,22.73,86.24,5.91,279.08,Rice
97.95,48.41,40.42,27.63,84.84,5.82,240.2,Rice
101.24,45.64,40.32,26.79,83.29,5.78,207.5,Rice
107.97,41.15,39.07,25.63,87.61,5.73,211.12,Rice
112.54,41.47,36.34,25.73,84.16,5.49,242.71,Rice
101.63,45.15,37.87,26.45,86.08,5.73,271.17,Rice
92.87,41.14,38.85,24.92,85.41,5.69,233.8,Rice
91.66,53.52,39.86,26.86,85.57,5.86,239.24,Rice
102.98,50.18,42.22,25.33,86.18,5.73,261.0,Rice
95.49,55.0,39.93,22.62,85.21,5.58,246.02,Rice
95.65,45.64,36.85,24.25,80.96,5.35,244.01,Rice
105.24,49.27,38.39,24.92,84.99,5.46,262.58,Rice
105.85,46.58,40.04,25.35,81.6,5.69,207.95,Rice
93.32,46.33,43.0,26.07,84.05,5.89,259.98,Rice
106.16,47.75,38.92,26.16,85.66,5.97,240.88,Rice
107.0,45.27,42.2,25.33,88.46,5.58,268.4,Rice
101.32,44.79,39.19,24.47,85.71,5.88,210.66,Rice
99.84,56.43,42.88,25.73,85.06,5.78,240.34,Rice
93.18,46.43,37.22,25.67,86.08,5.63,264.35,Rice
91.83,41.4,40.37,26.75,87.81,5.64,251.97,Rice
99.74,46.78,41.47,26.09,82.37,6.12,259.5,Rice
75.83,49.15,41.65,22.89,61.12,6.08,84.79,Maize
87.82,49.77,38.76,23.66,55.38,6.54,70.5,Maize
77.58,42.83,35.68,24.24,61.33,6.34,84.61,Maize
83.18,47.82,35.72,23.99,61.27,5.86,81.43,Maize
90.01,51.04,38.84,21.98,61.7,6.77,88.18,Maize
82.87,51.79,40.8,22.11,62.01,6.23,84.69,Maize
84.85,47.72,42.44,22.38,62.7,5.75,92.64,Maize
82.31,51.66,30.35,25.63,62.15,6.53,76.33,Maize
84.09,43.11,37.92,25.37,62.02,6.3,92.25,Maize
83.3,48.13,41.22,26.11,62.36,6.3,93.76,Maize
87.37,52.45,42.13,20.79,66.58,5.96,87.52,Maize
74.97,47.23,41.1,22.98,63.55,6.65,88.78,Maize
78.37,51.52,43.96,20.66,63.99,6.43,82.52,Maize
89.17,46.87,40.42,22.24,62.54,5.98,73.0,Maize
90.63,43.97,36.7,19.27,60.9,5.92,98.68,Maize
86.73,44.63,47.51,23.97,61.69,5.63,104.09,Maize
70.74,40.64,43.41,26.16,65.96,6.39,89.96,Maize
85.69,50.66,40.94,22.66,62.34,6.06,82.66,Maize
68.71,47.09,36.7,20.84,62.95,6.6,92.65,Maize
69.53,43.38,43.14,21.03,61.94,6.39,76.93,Maize
80.7,41.94,38.0,22.98,58.52,6.36,84.84,Maize
83.68,48.43,44.55,22.69,61.43,6.28,89.53,Maize
80.33,47.67,37.66,21.51,58.99,6.69,74.63,Maize
75.38,44.51,42.98,22.06,65.62,6.08,87.32,Maize
74.43,56.44,36.04,22.96,64.08,6.35,83.46,Maize
79.13,47.68,39.51,23.95,68.03,6.11,73.58,Maize
79.41,58.25,37.32,24.96,66.69,6.11,89.74,Maize
90.86,45.92,39.32,21.63,59.96,6.09,74.8,Maize
80.23,44.29,40.78,20.17,63.33,6.46,68.39,Maize
82.49,52.62,35.97,25.01,63.55,6.07,84.54,Maize
83.72,47.82,41.8,21.12,62.92,5.9,84.07,Maize
73.97,44.44,44.12,24.14,64.02,5.98,82.36,Maize
88.09,48.09,47.73,23.09,62.98,6.17,86.11,Maize
78.98,50.45,43.19,21.32,59.17,5.79,89.23,Maize
72.64,38.53,41.3,26.24,62.48,6.46,85.68,Maize
79.34,51.33,39.03,22.9,63.3,6.08,93.27,Maize
78.83,44.35,41.79,21.15,62.57,6.25,94.05,Maize
83.16,47.4,42.73,24.59,63.89,6.25,74.07,Maize
72.9,46.23,37.97,22.22,62.64,6.38,84.41,Maize
83.24,47.77,33.42,21.09,62.14,5.95,90.0,Maize
90.21,52.58,39.29,24.74,62.87,6.17,79.89,Maize
77.98,45.88,40.57,22.74,62.51,6.36,94.92,Maize
86.33,41.31,31.49,23.9,59.08,6.19,75.25,Maize
67.99,49.76,42.53,21.64,56.02,6.11,88.27,Maize
70.14,48.26,39.95,23.37,62.8,6.01,94.97,Maize
78.94,47.39,36.89,21.84,60.29,6.21,99.26,Maize
70.85,40.78,44.9,22.19,60.83,6.51,79.95,Maize
92.17,50.32,38.37,25.74,60.99,6.44,87.49,Maize
88.68,54.01,40.11,21.37,63.65,6.08,101.78,Maize
80.91,45.98,40.62,20.48,60.07,6.55,79.53,Maize
73.02,49.74,43.95,23.58,64.99,6.06,73.15,Maize
90.01,46.16,39.16,24.49,63.89,6.36,103.04,Maize
75.71,51.37,40.19,22.9,66.32,6.38,89.49,Maize
87.15,45.98,37.2,20.93,57.58,6.76,75.81,Maize
78.52,46.35,41.02,23.72,64.65,6.1,83.61,Maize
81.88,46.46,45.36,23.24,64.34,6.42,94.78,Maize
81.21,42.1,41.33,21.52,61.18,6.4,95.32,Maize
80.14,48.79,45.67,22.86,69.0,6.39,70.33,Maize
85.02,49.09,44.3,23.51,62.15,5.94,83.26,Maize
74.33,45.08,41.96,25.0,63.49,5.95,88.71,Maize
87.98,44.96,39.55,22.52,60.54,6.41,83.99,Maize
82.8,43.8,38.54,23.58,61.57,6.68,81.67,Maize
81.5,51.39,35.27,19.86,58.69,6.57,80.4,Maize
97.05,45.15,40.62,24.81,67.52,6.77,95.07,Maize
86.83,49.97,42.59,21.67,60.45,6.25,83.58,Maize
76.98,50.4,43.18,22.63,66.19,5.96,83.39,Maize
75.22,39.72,39.72,22.32,66.28,6.41,76.47,Maize
92.36,52.59,41.94,22.16,60.1,6.16,94.07,Maize
92.56,53.93,38.37,20.82,62.85,5.81,87.69,Maize
79.02,45.56,34.68,23.27,61.17,5.96,61.06,Maize
79.82,54.88,45.54,21.81,60.99,6.37,76.68,Maize
82.01,50.69,44.09,22.35,61.99,6.03,78.11,Maize
78.49,49.03,43.05,21.3,66.23,6.18,84.82,Maize
75.02,37.4,42.95,23.61,61.8,6.27,89.3,Maize
69.58,45.3,42.65,20.62,63.23,5.91,88.89,Maize
79.76,40.77,43.88,21.4,60.47,6.3,94.57,Maize
73.23,47.76,41.43,23.54,62.94,6.16,78.1,Maize
80.57,43.03,30.26,23.15,64.76,5.66,76.59,Maize
84.13,56.07,40.07,21.41,62.04,6.59,79.62,Maize
74.67,45.49,36.82,22.68,66.56,6.33,82.9,Maize
78.05,40.99,42.94,22.38,62.05,7.05,87.49,Maize
74.99,45.72,43.83,22.67,58.9,6.48,79.43,Maize
92.49,52.0,38.51,24.42,62.67,6.46,89.04,Maize
74.36,44.82,43.43,22.0,61.49,6.01,88.53,Maize
93.75,43.05,40.08,24.62,62.3,6.36,76.15,Maize
82.86,46.72,43.29,24.28,68.97,6.39,87.71,Maize
81.3,46.03,41.13,22.06,62.92,6.58,76.61,Maize
87.6,52.99,39.61,19.32,60.98,6.57,84.81,Maize
73.34,45.4,42.8,23.32,61.9,6.16,81.74,Maize
73.85,54.23,38.93,24.33,66.3,6.5,81.4,Maize
82.69,47.4,36.99,22.99,59.55,6.55,81.13,Maize
81.34,48.68,39.14,23.38,61.31,6.47,73.78,Maize
80.84,55.58,36.67,21.48,63.78,6.29,87.92,Maize
83.26,50.14,43.7,23.11,61.9,6.42,100.83,Maize
79.12,43.44,43.69,22.32,57.07,6.46,80.54,Maize
79.4,48.88,40.63,23.56,61.41,6.38,82.84,Maize
84.93,50.06,36.88,24.13,61.16,6.45,88.06,Maize
92.25,46.57,38.84,22.47,61.74,6.45,71.53,Maize
72.98,43.05,43.17,25.07,62.24,6.21,85.58,Maize
87.75,43.64,40.79,23.96,63.75,6.3,93.34,Maize
61.98,50.32,37.82,19.75,63.78,6.59,83.85,Maize
86.35,54.22,44.38,24.96,64.36,6.27,71.65,Maize
78.36,43.99,47.24,22.24,62.81,6.39,85.36,Maize
91.3,44.91,40.65,21.39,59.2,6.1,84.69,Maize
77.14,44.61,35.31,22.38,58.74,6.44,85.69,Maize
70.28,46.21,37.49,22.98,65.85,5.78,85.96,Maize
78.93,50.3,40.71,21.37,61.7,6.05,93.97,Maize
80.14,55.42,39.8,21.44,58.72,5.8,71.8,Maize
81.78,49.62,34.73,23.84,61.29,6.29,98.44,Maize
85.98,46.38,37.03,19.27,60.7,6.2,76.77,Maize
79.12,47.82,39.25,21.52,62.92,6.36,75.91,Maize
89.41,47.09,40.06,23.56,63.08,6.49,87.39,Maize
75.92,49.01,36.19,22.66,62.42,6.2,83.93,Maize
67.45,45.21,40.31,22.74,59.93,6.57,77.78,Maize
86.46,49.28,37.85,25.16,59.52,6.48,93.34,Maize
75.53,53.3,39.17,22.93,63.15,6.22,91.76,Maize
85.29,40.21,44.35,20.01,65.08,6.53,75.91,Maize
77.26,42.89,39.28,22.04,64.45,6.58,96.63,Maize
76.25,46.63,34.39,21.29,64.91,6.65,74.71,Maize
76.05,47.39,40.93,21.29,63.56,6.13,84.88,Maize
83.64,47.53,38.55,22.34,62.28,6.16,82.84,Maize
90.66,49.84,39.02,23.55,61.67,6.54,88.08,Maize
79.28,49.37,34.76,20.81,59.52,6.29,99.44,Maize
94.88,50.16,41.67,19.8,61.14,6.05,79.83,Maize
78.88,45.53,33.4,23.62,59.82,6.31,102.28,Maize
73.87,36.96,39.05,24.15,67.4,5.94,89.14,Maize
76.9,47.06,48.81,20.25,63.13,6.37,94.05,Maize
80.65,48.78,38.69,22.9,61.64,6.41,81.92,Maize
82.51,47.38,43.75,22.42,58.07,6.57,77.45,Maize
75.64,45.02,44.58,19.3,70.34,6.51,86.86,Maize
79.63,48.69,41.74,23.47,63.89,6.27,83.36,Maize
78.99,46.69,43.78,23.39,55.15,6.41,86.62,Maize
79.88,45.88,43.75,23.92,60.57,6.35,76.9,Maize
70.8,44.89,42.87,23.93,63.78,6.43,89.3,Maize
75.72,49.3,42.67,23.63,65.47,6.43,87.93,Maize
87.13,47.39,37.06,22.26,60.64,6.08,83.8,Maize
74.72,46.22,33.69,22.82,62.5,6.05,90.49,Maize
86.25,40.8,37.46,21.35,60.15,6.46,83.38,Maize
78.24,39.15,42.12,20.64,62.65,6.32,96.34,Maize
71.27,34.92,40.61,25.2,65.6,6.3,80.9,Maize
85.38,43.44,41.59,23.26,65.15,6.94,88.27,Maize
76.61,47.39,34.1,21.46,61.48,6.12,86.27,Maize
74.52,52.17,40.0,22.49,61.68,6.29,91.88,Maize
74.22,44.76,38.99,20.48,60.45,6.13,92.29,Maize
81.75,48.31,42.84,22.29,63.48,6.22,87.21,Maize
76.11,37.34,39.55,24.63,64.82,6.49,95.3,Maize
80.59,48.32,37.94,22.03,64.04,6.55,83.84,Maize
77.0,47.5,42.0,20.33,56.76,6.11,74.83,Maize
76.61,46.88,38.49,24.68,63.32,6.33,90.19,Maize
72.41,51.83,39.75,23.51,59.82,5.86,91.82,Maize
122.51,36.99,37.1,31.88,42.54,7.5,67.49,Cotton
124.26,38.9,42.01,29.09,46.82,6.92,66.65,Cotton
124.94,38.29,39.24,28.34,36.82,6.83,95.11,Cotton
125.23,39.94,39.12,30.04,49.78,6.47,84.29,Cotton
124.77,42.39,41.46,30.03,50.3,7.12,72.05,Cotton
116.18,40.34,45.16,27.93,41.39,6.96,75.42,Cotton
121.16,40.81,39.26,32.48,40.83,6.6,74.14,Cotton
109.05,39.41,45.54,30.03,48.46,6.44,69.86,Cotton
117.5,38.94,44.27,30.93,42.87,6.99,79.15,Cotton
127.6,45.27,36.62,28.65,42.26,6.81,78.89,Cotton
126.58,39.75,38.93,30.25,44.02,7.67,61.6,Cotton
121.23,46.75,40.02,29.68,46.01,6.83,86.44,Cotton
105.25,45.11,35.25,29.56,45.71,7.12,61.68,Cotton
123.08,46.75,35.46,30.32,44.74,7.06,75.16,Cotton
115.72,41.63,46.01,29.68,50.5,6.43,67.03,Cotton
123.15,44.95,41.19,29.48,47.5,6.44,80.04,Cotton
125.88,38.49,38.43,30.44,45.68,6.88,92.5,Cotton
118.35,38.81,37.84,31.24,46.74,6.66,86.01,Cotton
129.46,38.0,33.78,31.68,44.65,7.19,58.58,Cotton
125.95,35.96,42.44,30.02,43.53,6.75,80.72,Cotton
120.71,41.95,46.59,27.39,54.24,6.94,67.51,Cotton
111.13,39.37,43.07,29.79,53.8,6.37,74.9,Cotton
111.65,41.21,42.96,29.3,36.65,6.97,78.64,Cotton
122.7,44.12,36.43,31.13,52.47,6.25,77.66,Cotton
116.64,39.73,41.16,29.19,44.68,6.91,65.94,Cotton
112.76,42.26,36.17,31.11,49.43,6.27,69.35,Cotton
127.96,36.73,38.45,30.77,50.76,6.81,70.02,Cotton
129.48,45.8,43.26,30.14,44.13,6.6,79.35,Cotton
122.79,44.67,42.17,27.49,51.88,6.53,71.8,Cotton
121.67,46.65,50.37,31.01,46.74,7.1,82.4,Cotton
117.86,45.98,40.77,30.83,50.27,7.05,81.99,Cotton
115.88,38.14,36.33,30.73,50.75,7.07,88.95,Cotton
119.96,42.23,36.36,29.35,50.4,7.21,72.55,Cotton
119.52,34.94,38.81,31.48,49.9,7.08,75.41,Cotton
120.05,37.8,42.33,30.7,49.55,6.71,57.06,Cotton
127.31,38.4,37.12,31.16,45.87,7.29,80.14,Cotton
124.56,35.45,44.04,30.44,45.96,6.95,60.2,Cotton
122.72,36.57,35.49,27.46,52.14,6.67,87.78,Cotton
116.43,34.31,36.28,32.06,46.85,6.7,76.33,Cotton
123.35,43.72,44.83,29.4,41.97,6.75,77.17,Cotton
113.57,36.81,41.15,29.92,47.64,6.62,73.08,Cotton
113.84,42.97,43.45,26.92,43.63,6.35,69.58,Cotton
119.44,35.17,36.93,28.33,48.36,6.93,68.99,Cotton
121.18,38.18,39.09,32.79,53.09,6.42,81.91,Cotton
125.41,36.17,42.73,32.56,42.82,6.56,83.48,Cotton
121.81,41.84,41.14,30.65,41.97,7.28,84.75,Cotton
118.47,39.86,34.9,30.86,49.88,6.88,84.37,Cotton
117.77,41.88,36.6,29.96,46.77,6.98,71.92,Cotton
119.12,42.75,38.54,27.32,54.79,7.41,64.23,Cotton
124.6,38.32,40.88,30.49,46.52,6.61,69.25,Cotton
113.89,37.23,39.78,28.81,50.34,7.45,70.17,Cotton
121.6,41.67,41.57,30.13,50.59,7.08,64.69,Cotton
125.79,42.96,37.46,30.06,50.35,6.82,83.94,Cotton
135.76,37.38,35.4,30.51,50.51,6.82,87.11,Cotton
111.08,42.31,37.98,32.87,55.8,6.62,70.42,Cotton
125.73,38.71,39.85,30.04,39.5,6.89,69.25,Cotton
116.71,44.81,35.81,31.36,46.34,6.8,81.59,Cotton
122.27,41.9,43.23,29.45,44.95,6.5,68.12,Cotton
139.66,44.15,35.5,27.8,49.51,7.1,79.57,Cotton
118.3,39.58,41.09,30.14,38.25,6.82,67.9,Cotton
121.17,49.95,41.22,29.48,51.34,7.08,78.5,Cotton
124.05,46.86,36.23,30.79,43.64,7.1,67.34,Cotton
117.22,39.02,43.25,31.53,42.31,6.92,69.09,Cotton
111.61,39.28,38.97,34.04,49.3,6.39,70.29,Cotton
126.81,46.96,34.71,26.87,55.3,7.04,67.76,Cotton
123.56,31.21,40.01,30.55,51.35,6.53,75.71,Cotton
113.83,40.85,37.02,29.32,43.35,7.14,82.15,Cotton
118.44,40.13,35.17,29.5,47.29,7.86,65.73,Cotton
129.76,43.32,40.94,32.93,49.05,7.04,74.56,Cotton
128.16,43.65,37.91,27.8,46.65,6.61,74.47,Cotton
128.25,38.48,39.86,30.1,51.04,6.08,69.94,Cotton
121.41,44.0,38.36,26.87,50.08,6.67,65.09,Cotton
115.84,39.38,37.98,26.32,51.24,7.37,80.43,Cotton
112.42,39.33,39.98,31.0,50.28,6.63,75.68,Cotton
123.05,44.85,42.35,31.32,47.85,7.42,78.41,Cotton
114.26,44.68,42.33,29.26,45.5,7.01,78.86,Cotton
121.32,41.04,45.67,31.79,48.29,7.25,66.4,Cotton
122.65,46.03,39.27,28.59,44.78,6.5,68.46,Cotton
117.53,35.31,40.05,31.5,43.72,7.46,79.26,Cotton
126.87,37.81,42.85,28.18,51.21,6.96,79.61,Cotton
112.16,37.02,41.99,28.42,49.43,6.4,82.07,Cotton
111.78,41.84,42.09,28.84,49.93,7.0,70.51,Cotton
113.28,33.46,41.17,27.39,47.9,6.8,80.66,Cotton
117.99,38.9,42.44,30.56,48.82,7.07,62.2,Cotton
125.05,42.04,36.61,29.59,47.34,6.85,77.78,Cotton
129.54,43.61,35.63,31.04,53.04,7.04,84.09,Cotton
133.42,43.41,40.83,31.74,48.1,6.91,72.07,Cotton
130.42,37.27,45.11,30.83,41.67,7.03,57.5,Cotton
124.17,42.95,38.03,30.21,55.64,6.71,66.18,Cotton
129.88,46.54,40.01,31.69,53.09,6.63,70.96,Cotton
128.21,45.62,41.88,28.53,55.78,6.71,72.21,Cotton
122.28,45.18,42.85,30.69,49.43,6.92,79.65,Cotton
103.14,39.01,40.8,28.08,49.11,6.83,89.63,Cotton
130.49,38.45,39.5,29.88,45.62,6.97,68.68,Cotton
112.46,42.08,42.1,28.66,51.23,6.67,77.11,Cotton
125.47,39.89,41.52,29.14,46.68,6.82,68.78,Cotton
118.82,34.84,38.36,29.53,46.43,6.81,74.49,Cotton
123.2,42.92,37.83,27.99,43.16,6.72,72.07,Cotton
114.87,35.68,38.48,30.3,49.98,6.7,71.56,Cotton
113.82,39.9,37.17,30.96,40.06,6.77,77.51,Cotton
121.23,48.98,41.17,28.33,47.1,6.25,74.33,Cotton
114.45,43.05,38.17,29.81,44.85,7.54,72.32,Cotton
132.22,42.71,41.61,30.61,49.14,6.19,72.68,Cotton
125.63,39.84,35.32,29.91,54.6,7.36,74.48,Cotton
126.34,38.78,34.32,28.46,54.01,6.8,72.97,Cotton
118.0,46.35,45.42,33.7,46.84,7.01,62.36,Cotton
129.85,36.11,40.72,28.17,45.05,6.59,69.93,Cotton
116.41,38.17,42.78,28.16,48.42,7.35,70.72,Cotton
115.21,39.23,43.93,30.32,45.29,7.08,65.81,Cotton
124.54,41.36,38.97,28.6,43.81,7.1,85.24,Cotton
115.75,41.53,33.04,29.03,47.37,6.57,67.2,Cotton
115.55,40.97,39.38,26.27,38.66,6.68,78.81,Cotton
101.68,38.33,38.25,32.31,45.9,7.04,76.18,Cotton
105.8,42.56,40.72,30.85,63.86,6.14,89.37,Cotton
118.08,40.96,39.85,29.29,45.13,7.02,62.36,Cotton
125.0,38.61,36.23,29.25,52.74,6.7,77.99,Cotton
115.13,42.53,42.29,33.08,46.77,7.15,75.82,Cotton
128.64,37.6,42.48,29.68,47.23,6.93,77.1,Cotton
119.23,40.72,45.26,31.64,51.12,6.73,67.59,Cotton
126.37,42.92,44.91,28.99,46.54,6.3,71.73,Cotton
126.64,38.45,42.13,29.68,48.85,6.48,75.71,Cotton
100.06,39.38,34.57,32.01,50.74,7.07,87.68,Cotton
113.67,45.82,43.11,29.61,52.23,6.49,68.13,Cotton
115.94,38.24,36.48,32.04,46.42,7.03,70.25,Cotton
107.86,40.9,33.63,29.89,41.8,7.63,82.59,Cotton
120.71,44.21,37.18,30.91,48.33,7.0,85.6,Cotton
124.88,40.96,34.48,28.4,46.99,6.93,65.58,Cotton
136.08,45.05,42.01,30.12,46.62,6.55,75.65,Cotton
121.72,35.86,41.11,29.74,39.55,6.58,71.55,Cotton
132.58,41.86,35.55,30.81,41.05,7.3,71.07,Cotton
119.38,44.42,35.71,27.67,45.07,7.28,62.34,Cotton
101.12,38.5,41.84,32.0,45.57,6.75,84.62,Cotton
107.54,38.7,40.63,30.75,45.38,6.91,54.26,Cotton
115.61,41.51,36.73,30.1,49.36,6.77,76.42,Cotton
113.58,39.31,42.03,30.26,45.06,6.98,80.96,Cotton
106.33,43.86,38.88,30.71,52.49,6.4,69.09,Cotton
118.08,37.39,45.78,28.57,45.19,6.97,64.98,Cotton
117.36,41.06,38.89,29.84,45.29,6.34,77.68,Cotton
131.7,40.06,40.75,31.15,42.21,7.52,76.69,Cotton
130.88,37.56,46.06,31.29,49.8,6.99,72.93,Cotton
128.0,40.47,33.44,28.14,46.73,7.01,74.53,Cotton
128.13,33.5,40.48,26.97,50.67,6.87,78.5,Cotton
114.24,44.26,43.47,30.97,46.96,7.11,69.11,Cotton
125.7,45.5,43.57,28.78,49.01,6.43,79.77,Cotton
123.0,33.77,36.13,29.53,46.25,6.46,78.24,Cotton
121.68,39.35,37.48,31.75,54.4,6.72,69.9,Cotton
123.27,38.81,39.54,31.23,39.54,7.38,75.61,Cotton
117.26,39.7,39.87,27.11,53.73,6.92,78.69,Cotton
126.34,36.6,41.58,29.55,51.03,6.12,74.17,Cotton
115.98,41.44,41.57,28.82,44.53,6.86,67.53,Cotton
95.61,48.77,30.31,16.38,46.54,6.34,51.75,Wheat
90.73,54.43,41.04,15.99,51.52,6.64,55.37,Wheat
82.3,44.16,38.7,17.26,49.68,6.65,53.7,Wheat
94.05,45.61,42.59,15.33,47.49,6.38,56.66,Wheat
96.5,51.72,43.26,17.87,46.32,6.67,54.8,Wheat
98.87,46.01,42.98,18.49,56.1,6.65,64.75,Wheat
105.21,47.94,34.88,13.87,52.38,6.28,57.52,Wheat
92.92,50.62,41.42,17.37,54.26,6.51,55.49,Wheat
84.85,52.77,43.0,17.75,53.94,6.46,71.11,Wheat
100.15,52.45,45.94,14.24,48.25,6.57,64.81,Wheat
83.0,52.52,44.57,18.16,50.95,6.5,54.35,Wheat
98.33,52.6,39.87,16.3,43.25,6.48,72.74,Wheat
81.46,50.63,43.36,14.91,50.62,6.98,60.08,Wheat
109.12,44.44,43.53,16.71,52.57,6.86,55.11,Wheat
91.53,43.81,42.01,17.5,52.13,7.01,62.45,Wheat
90.99,47.06,37.63,18.98,54.79,6.69,60.31,Wheat
83.97,53.91,42.22,20.24,47.07,6.66,61.54,Wheat
94.31,49.28,37.09,18.47,52.4,6.52,69.04,Wheat
97.8,50.45,40.27,17.92,47.13,6.76,45.65,Wheat
95.84,44.8,45.01,16.45,49.29,6.59,58.08,Wheat
99.46,41.71,44.26,17.56,45.98,6.48,71.18,Wheat
83.7,46.16,43.79,17.56,46.87,6.8,53.16,Wheat
97.34,53.54,41.77,17.6,55.87,6.75,52.12,Wheat
93.0,56.95,36.62,16.4,51.39,6.74,53.45,Wheat
97.48,57.73,40.65,15.49,44.84,6.81,67.36,Wheat
93.17,49.99,38.04,15.18,52.78,6.98,49.7,Wheat
100.6,51.91,44.67,14.76,45.45,6.71,63.35,Wheat
101.98,52.35,39.19,15.29,54.1,6.51,70.86,Wheat
88.1,55.3,42.26,16.77,48.27,6.66,62.86,Wheat
90.51,48.02,39.45,17.13,42.9,6.86,53.47,Wheat
82.31,44.38,34.02,14.74,47.64,7.24,56.49,Wheat
91.19,51.33,40.44,16.87,46.02,7.11,72.05,Wheat
78.78,46.59,39.07,15.39,51.69,6.57,74.43,Wheat
97.94,50.71,43.42,18.84,48.12,6.55,60.52,Wheat
95.74,50.46,34.74,15.66,49.75,6.73,73.15,Wheat
80.76,51.69,44.96,20.79,48.65,6.87,63.8,Wheat
91.3,49.67,41.45,12.78,52.27,6.78,58.52,Wheat
103.65,47.75,38.66,20.32,47.23,6.61,59.02,Wheat
95.6,50.69,35.69,16.11,47.98,6.73,62.84,Wheat
92.79,44.08,43.55,17.42,54.62,6.86,67.34,Wheat
93.11,54.49,41.74,16.84,57.57,6.97,63.82,Wheat
81.49,45.71,40.98,17.24,47.95,6.79,70.59,Wheat
94.64,46.2,39.63,15.66,48.71,6.65,56.82,Wheat
81.63,49.57,38.13,12.12,56.84,7.02,57.49,Wheat
90.13,46.09,45.65,20.16,50.52,7.01,61.17,Wheat
81.09,48.63,40.44,16.24,49.27,6.73,59.46,Wheat
90.35,46.46,37.61,14.86,53.26,6.22,67.69,Wheat
99.24,48.99,31.32,16.4,49.79,6.5,56.57,Wheat
100.2,52.22,36.92,14.34,48.91,6.7,63.31,Wheat
86.43,51.7,46.45,18.36,49.84,6.7,57.62,Wheat
97.87,47.91,40.15,17.09,48.33,6.41,62.15,Wheat
89.59,51.67,38.22,19.03,47.08,7.18,48.35,Wheat
92.9,51.58,37.35,17.71,54.27,6.2,63.35,Wheat
73.38,46.78,45.43,16.03,46.09,6.7,73.79,Wheat
77.79,46.5,44.99,20.1,49.66,6.44,73.97,Wheat
100.63,52.26,37.29,16.92,49.47,6.83,69.67,Wheat
95.86,46.41,44.59,17.52,52.29,7.12,52.59,Wheat
89.76,48.23,34.77,17.58,58.37,6.29,59.78,Wheat
94.27,50.41,39.62,14.83,50.78,6.56,45.4,Wheat
97.96,53.19,40.17,17.38,53.58,6.81,66.03,Wheat
88.02,54.37,41.07,17.32,45.77,6.82,54.45,Wheat
85.74,47.28,36.45,20.54,54.44,7.23,51.85,Wheat
90.48,45.69,37.68,15.47,54.13,6.65,67.12,Wheat
94.03,57.68,35.07,19.1,53.82,6.51,66.71,Wheat
92.24,49.24,37.25,15.8,56.83,6.75,65.21,Wheat
84.73,47.4,43.61,14.75,48.62,6.76,60.74,Wheat
88.81,51.32,42.31,18.22,46.71,6.68,67.97,Wheat
95.96,45.42,41.17,13.7,50.16,7.22,53.68,Wheat
84.44,52.55,34.86,15.95,51.99,6.59,58.43,Wheat
94.96,51.41,40.89,16.43,51.23,6.72,63.05,Wheat
86.69,49.39,36.7,16.94,47.3,6.47,61.72,Wheat
91.42,52.61,38.56,17.68,51.84,6.86,54.5,Wheat
91.0,51.21,40.02,13.52,50.53,7.3,57.6,Wheat
85.15,51.24,41.04,18.99,45.81,6.93,63.94,Wheat
89.05,51.13,43.43,18.45,46.19,6.96,59.57,Wheat
90.49,50.24,39.5,18.99,49.72,6.47,57.38,Wheat
91.19,54.1,42.01,15.58,58.28,6.82,68.5,Wheat
88.99,51.78,42.8,19.03,53.52,6.97,57.9,Wheat
86.19,51.11,43.11,16.63,53.55,7.11,53.89,Wheat
84.42,49.53,41.03,16.13,54.51,6.86,60.26,Wheat
80.43,45.61,40.94,13.45,53.38,6.71,81.62,Wheat
105.39,49.4,39.65,18.66,55.68,6.34,48.09,Wheat
85.85,51.94,41.66,18.78,46.0,6.17,65.72,Wheat
84.48,43.27,40.48,18.32,49.59,6.64,58.94,Wheat
87.53,45.51,37.62,17.87,51.07,6.79,53.37,Wheat
88.79,42.74,40.59,19.38,45.09,6.6,62.19,Wheat
98.35,48.51,37.69,13.72,50.34,7.26,61.85,Wheat
89.85,51.07,39.96,15.64,52.74,6.81,60.12,Wheat
83.5,54.35,42.22,16.08,53.34,6.63,54.79,Wheat
84.94,44.1,41.57,13.95,45.91,6.23,59.43,Wheat
89.0,48.91,36.52,15.05,51.55,6.61,62.11,Wheat
84.1,50.6,44.34,17.98,48.63,6.81,58.4,Wheat
90.05,48.91,39.45,17.35,46.69,6.5,50.74,Wheat
79.33,45.94,40.53,15.51,51.71,6.76,46.88,Wheat
94.37,52.7,36.69,17.7,47.15,6.77,51.57,Wheat
78.05,48.72,39.59,16.34,46.05,6.65,61.8,Wheat
89.7,50.61,37.77,18.95,46.08,6.87,67.88,Wheat
93.21,49.32,38.24,18.73,45.26,6.51,57.35,Wheat
98.25,51.27,36.77,16.48,47.95,6.57,66.53,Wheat
80.86,55.36,42.76,18.82,48.46,6.71,50.45,Wheat
86.5,51.65,44.32,15.15,48.78,6.71,50.69,Wheat
93.94,47.59,39.35,16.25,47.37,6.75,58.56,Wheat
87.52,47.57,41.07,19.76,50.47,7.0,50.73,Wheat
91.05,46.34,35.08,15.77,53.97,6.99,61.62,Wheat
79.78,49.35,41.01,17.29,43.85,6.53,59.57,Wheat
93.58,42.68,39.46,17.24,52.83,6.92,63.88,Wheat
84.67,43.64,38.69,18.67,54.64,6.93,62.86,Wheat
92.53,48.15,39.57,19.78,46.86,7.15,57.85,Wheat
98.84,45.31,41.95,15.77,45.28,6.8,66.73,Wheat
84.37,45.0,39.69,16.85,51.83,6.99,59.6,Wheat
102.37,50.75,38.85,14.31,49.12,6.67,66.4,Wheat
93.08,46.07,40.57,18.12,55.09,6.97,65.07,Wheat
90.4,51.29,44.17,14.78,48.84,6.56,62.53,Wheat
98.2,48.01,32.03,16.31,53.04,6.88,62.85,Wheat
88.13,45.74,41.72,15.61,57.28,6.89,56.13,Wheat
85.92,49.69,39.2,18.86,50.62,6.57,72.6,Wheat
90.33,52.56,37.97,17.61,51.04,6.28,73.44,Wheat
98.6,48.68,36.33,17.58,50.29,6.84,61.28,Wheat
93.37,54.82,41.89,15.25,54.54,7.16,81.01,Wheat
82.51,50.81,33.06,17.92,48.17,7.23,54.84,Wheat
78.74,48.43,33.42,18.25,43.12,6.76,46.15,Wheat
87.86,55.48,41.2,15.56,49.9,6.75,63.15,Wheat
80.89,51.98,30.99,15.95,48.37,6.91,60.15,Wheat
80.63,46.72,40.66,16.87,48.07,6.63,64.64,Wheat
86.55,49.71,47.23,14.63,43.83,6.95,55.48,Wheat
87.88,47.4,39.13,19.66,52.67,6.97,50.56,Wheat
82.33,40.54,37.3,18.59,51.72,6.69,59.85,Wheat
85.41,50.68,42.55,14.31,51.0,6.98,57.23,Wheat
94.67,59.38,39.65,17.66,47.54,6.8,63.07,Wheat
91.3,46.6,40.69,19.44,51.5,6.99,58.42,Wheat
95.0,50.93,36.83,17.53,46.69,6.59,61.26,Wheat
91.98,46.04,43.51,17.95,47.65,6.37,59.03,Wheat
87.03,50.38,38.79,13.65,48.71,6.67,64.22,Wheat
85.35,55.6,33.63,19.19,49.25,6.96,60.53,Wheat
97.6,48.71,36.34,19.37,49.62,6.81,68.23,Wheat
83.12,51.98,38.03,16.78,50.24,6.37,54.81,Wheat
99.01,52.95,39.79,17.41,49.02,7.09,58.66,Wheat
91.55,53.82,37.41,19.6,44.9,7.16,57.52,Wheat
88.38,43.7,38.48,15.27,47.97,6.72,66.39,Wheat
91.38,51.03,36.35,15.53,56.0,6.57,71.04,Wheat
88.38,50.01,43.57,19.12,49.63,6.65,59.63,Wheat
92.25,52.97,40.01,18.03,55.46,6.85,62.08,Wheat
79.87,41.23,41.29,16.84,48.28,6.81,59.6,Wheat
97.52,50.29,37.51,18.65,49.28,6.88,56.82,Wheat
85.67,50.28,40.04,17.8,49.1,6.29,57.11,Wheat
95.29,49.01,39.18,18.64,47.63,6.36,58.93,Wheat
86.77,46.78,39.42,17.82,49.97,6.83,72.09,Wheat
87.71,50.93,38.3,15.59,48.05,6.63,62.4,Wheat
105.66,47.61,38.61,16.89,51.32,6.82,68.56,Wheat
73.82,42.04,38.35,18.83,44.78,6.0,63.81,Wheat
30.81,62.96,80.04,18.38,22.78,7.19,47.47,Chickpea
20.48,63.93,79.68,19.57,21.15,7.9,35.7,Chickpea
30.15,69.83,87.14,19.2,23.31,6.6,33.04,Chickpea
32.82,67.48,85.45,17.71,23.8,8.43,47.1,Chickpea
30.92,67.54,78.57,22.26,20.97,7.75,37.18,Chickpea
26.07,73.48,81.63,22.42,22.3,6.58,49.46,Chickpea
28.03,70.41,82.56,17.43,22.91,8.6,47.46,Chickpea
29.81,71.98,83.03,20.35,19.77,7.62,50.18,Chickpea
27.21,73.44,82.27,18.52,24.99,7.36,48.8,Chickpea
29.03,67.25,83.73,20.48,17.51,6.94,49.65,Chickpea
29.56,65.32,79.1,18.2,17.45,7.45,42.01,Chickpea
26.78,67.22,83.41,23.49,18.72,8.08,49.87,Chickpea
27.4,68.35,81.36,20.31,26.27,7.8,47.54,Chickpea
28.57,61.32,81.98,22.01,18.68,6.97,45.63,Chickpea
26.72,64.2,81.44,17.72,20.06,7.85,38.46,Chickpea
24.67,64.87,84.33,19.67,21.34,7.52,36.27,Chickpea
31.65,69.1,81.48,21.68,19.68,8.06,45.77,Chickpea
28.88,67.42,82.23,22.03,19.81,7.12,50.18,Chickpea
28.01,71.25,86.75,19.33,24.2,6.92,48.77,Chickpea
30.66,69.47,80.89,17.23,23.76,6.47,43.41,Chickpea
33.14,68.3,87.37,21.71,20.87,7.51,44.76,Chickpea
24.73,63.58,81.1,16.61,22.62,7.38,36.64,Chickpea
31.35,70.48,83.07,19.46,23.98,7.84,46.54,Chickpea
27.25,68.65,85.49,19.01,27.74,7.24,45.16,Chickpea
27.76,68.43,78.14,19.09,19.77,7.57,49.97,Chickpea
32.15,57.62,87.61,20.49,20.56,7.58,45.88,Chickpea
27.78,68.32,80.98,19.33,20.78,6.78,45.73,Chickpea
31.95,69.65,84.55,20.54,21.17,7.92,38.21,Chickpea
27.0,63.48,85.2,21.57,23.72,8.04,40.6,Chickpea
31.16,66.98,84.62,19.81,21.54,7.77,49.38,Chickpea
27.77,67.25,79.85,15.84,23.0,7.8,46.31,Chickpea
23.5,66.04,76.95,22.28,19.78,8.13,49.73,Chickpea
27.0,62.78,83.38,18.59,22.76,7.26,36.09,Chickpea
22.57,68.44,81.1,19.08,24.24,8.09,43.64,Chickpea
28.86,69.58,79.11,20.37,23.88,7.84,35.32,Chickpea
27.46,63.84,82.75,20.8,26.24,7.25,42.51,Chickpea
33.83,68.74,85.67,20.48,19.61,6.83,37.24,Chickpea
32.21,72.45,87.12,21.41,25.41,7.21,39.22,Chickpea
32.83,69.24,82.77,20.65,23.31,8.14,51.47,Chickpea
31.81,71.02,83.79,19.23,24.39,6.8,50.27,Chickpea
26.02,68.69,80.39,20.92,22.42,6.7,47.1,Chickpea
28.07,71.17,82.5,20.66,20.11,7.21,42.71,Chickpea
32.86,74.49,80.49,21.79,17.08,6.9,40.21,Chickpea
25.49,60.9,83.53,19.64,23.45,7.85,46.33,Chickpea
32.19,67.21,79.53,21.76,21.03,7.03,44.11,Chickpea
26.96,65.76,83.36,20.58,20.26,7.26,50.37,Chickpea
31.65,76.15,85.45,21.91,19.03,7.88,44.73,Chickpea
28.16,68.2,84.86,20.83,20.3,7.87,41.81,Chickpea
30.72,66.24,81.95,21.28,19.9,8.47,35.89,Chickpea
28.01,69.04,83.96,19.83,22.36,7.71,43.84,Chickpea
34.64,71.0,84.68,18.39,22.3,7.35,39.97,Chickpea
31.2,65.26,84.14,18.22,26.8,7.05,46.1,Chickpea
32.64,65.12,84.63,17.95,26.13,7.51,42.02,Chickpea
29.0,70.87,81.04,18.75,21.95,6.91,54.1,Chickpea
28.11,70.97,83.02,18.36,22.49,7.89,44.06,Chickpea
33.98,71.76,84.8,19.23,19.8,7.19,45.98,Chickpea
31.82,58.45,82.48,20.26,21.81,8.15,47.11,Chickpea
34.37,66.6,84.84,22.73,25.78,6.95,43.73,Chickpea
28.85,69.54,84.22,18.6,22.67,6.49,52.21,Chickpea
28.29,67.73,81.73,21.91,15.41,7.49,44.47,Chickpea
28.49,74.69,80.28,21.29,23.39,8.13,41.66,Chickpea
27.56,72.07,83.56,17.43,21.15,7.69,49.19,Chickpea
27.74,55.36,83.81,17.97,17.46,6.08,49.07,Chickpea
30.43,66.56,85.97,21.06,26.54,6.8,44.83,Chickpea
24.61,66.54,81.88,21.04,22.61,7.81,48.52,Chickpea
37.18,66.19,80.15,20.41,20.49,8.24,43.58,Chickpea
28.11,65.54,84.3,19.74,20.9,8.33,40.72,Chickpea
30.12,70.22,78.42,20.8,19.86,7.91,40.19,Chickpea
32.31,72.11,84.65,20.42,21.92,7.21,52.36,Chickpea
27.67,63.18,84.16,18.67,20.12,6.78,42.59,Chickpea
29.72,68.51,84.88,20.88,22.02,7.4,47.55,Chickpea
34.24,68.03,81.33,18.35,18.89,7.83,47.89,Chickpea
31.92,66.96,86.02,19.19,24.89,7.48,41.96,Chickpea
31.98,69.21,83.39,20.14,22.41,8.69,50.92,Chickpea
32.41,67.97,85.02,20.86,22.57,7.35,44.6,Chickpea
19.43,68.38,81.28,22.65,22.55,6.91,44.75,Chickpea
26.51,69.47,83.23,21.6,20.52,7.52,38.17,Chickpea
32.34,69.66,83.74,20.0,23.54,8.3,43.57,Chickpea
30.46,62.97,80.33,20.16,25.26,7.37,43.82,Chickpea
28.64,65.27,83.24,17.5,25.7,7.17,48.61,Chickpea
25.77,70.29,84.18,20.64,20.01,7.62,39.08,Chickpea
29.16,71.79,84.49,20.03,20.06,7.82,45.1,Chickpea
22.27,70.76,82.44,22.0,19.76,5.91,46.4,Chickpea
30.97,60.46,80.05,24.59,21.74,7.87,41.75,Chickpea
23.03,66.79,81.84,19.33,22.21,7.63,44.25,Chickpea
25.79,69.53,77.63,16.58,24.35,7.75,44.71,Chickpea
25.35,64.55,81.84,17.34,20.65,7.83,52.14,Chickpea
28.6,70.65,77.71,21.1,20.49,7.65,43.76,Chickpea
34.4,63.86,84.07,19.53,22.1,7.41,40.77,Chickpea
29.95,67.24,83.1,20.14,24.49,7.96,39.75,Chickpea
32.9,62.56,83.97,21.03,17.72,7.55,42.66,Chickpea
27.47,73.13,80.87,18.66,22.69,7.84,44.29,Chickpea
33.89,69.71,77.05,19.12,21.1,7.74,31.88,Chickpea
38.5,69.71,82.87,21.97,28.36,7.94,49.74,Chickpea
30.44,66.91,81.31,18.62,20.78,6.82,44.62,Chickpea
24.38,68.3,82.41,20.24,21.19,9.04,51.8,Chickpea
25.85,68.47,80.98,18.31,19.15,7.72,41.59,Chickpea
33.23,71.64,85.93,18.58,23.69,7.82,42.63,Chickpea
27.43,74.21,83.07,21.06,20.44,6.89,42.15,Chickpea
29.59,63.07,82.48,17.19,19.7,7.84,48.02,Chickpea
28.69,63.26,79.93,19.38,24.11,7.96,42.52,Chickpea
26.16,68.62,80.44,19.14,25.81,7.91,45.79,Chickpea
25.76,68.38,85.16,19.37,25.88,8.15,53.32,Chickpea
31.02,69.95,86.04,20.75,21.25,7.28,46.19,Chickpea
25.7,66.9,85.24,16.35,26.34,8.06,42.7,Chickpea
31.81,67.51,85.57,21.64,19.0,7.79,43.97,Chickpea
30.28,64.47,86.87,21.73,20.65,6.83,43.07,Chickpea
31.45,68.5,85.63,21.32,24.92,7.66,38.05,Chickpea
29.35,71.92,82.37,20.84,21.7,6.99,44.38,Chickpea
31.03,64.77,81.91,18.43,25.3,7.35,52.26,Chickpea
35.1,67.16,79.98,16.52,18.82,6.81,51.89,Chickpea
30.39,69.12,76.95,18.0,24.72,7.64,44.26,Chickpea
31.88,74.32,81.95,20.12,22.98,8.7,34.5,Chickpea
32.28,67.02,83.92,18.9,22.38,7.86,60.56,Chickpea
32.69,63.97,81.44,19.24,18.01,7.33,48.66,Chickpea
25.75,71.87,83.72,18.78,22.15,8.3,48.67,Chickpea
30.03,66.51,82.69,19.15,17.24,8.52,45.78,Chickpea
31.33,67.26,80.66,19.69,18.5,8.64,38.83,Chickpea
26.56,65.67,85.72,20.02,19.41,8.13,48.66,Chickpea
31.79,70.48,88.49,23.64,20.78,8.31,46.92,Chickpea
31.66,60.45,82.07,18.65,24.57,8.04,34.63,Chickpea
29.93,72.17,82.03,21.22,23.38,7.67,43.64,Chickpea
25.94,62.83,84.27,20.03,22.15,7.29,43.47,Chickpea
33.49,66.1,79.15,21.24,21.99,7.52,53.04,Chickpea
29.93,68.7,79.55,19.63,24.02,6.72,46.0,Chickpea
30.34,67.67,85.09,20.56,26.2,7.0,45.68,Chickpea
30.28,63.04,84.89,23.87,22.46,7.75,45.42,Chickpea
27.62,59.91,80.74,17.68,26.76,7.44,43.27,Chickpea
32.96,62.83,80.58,20.11,25.07,7.75,46.24,Chickpea
30.26,69.17,83.0,18.28,22.62,6.96,45.41,Chickpea
28.4,78.08,82.4,17.66,22.16,7.76,53.37,Chickpea
28.04,60.91,84.54,17.7,21.41,7.37,44.65,Chickpea
32.3,64.65,81.82,19.98,22.87,7.55,47.18,Chickpea
32.81,69.14,83.63,17.36,22.63,7.74,48.64,Chickpea
27.69,64.75,81.06,20.89,25.08,7.3,49.54,Chickpea
30.41,66.98,81.97,21.24,23.31,8.64,40.74,Chickpea
31.73,65.29,80.33,19.98,22.84,8.96,44.08,Chickpea
26.23,68.64,77.31,19.85,22.54,7.9,49.87,Chickpea
28.32,66.87,80.58,18.12,23.27,6.86,42.93,Chickpea
26.68,69.79,87.0,17.83,17.87,7.44,45.08,Chickpea
30.73,65.64,82.0,20.61,25.1,6.52,43.16,Chickpea
30.71,63.68,86.83,18.94,22.4,7.78,42.04,Chickpea
23.84,65.71,85.07,19.44,20.38,7.96,43.35,Chickpea
28.3,68.12,84.43,23.97,24.57,8.08,42.47,Chickpea
26.58,67.76,82.77,18.2,22.06,7.7,46.8,Chickpea
31.68,68.71,81.23,19.14,19.5,8.39,45.07,Chickpea
29.25,63.63,89.84,18.21,21.43,7.71,48.0,Chickpea
33.19,75.03,83.77,18.24,21.86,7.65,55.34,Chickpea
25.34,72.51,82.95,21.4,22.25,7.08,48.75,Chickpea
32.18,71.55,82.47,19.0,18.6,7.91,47.12,Chickpea
18.48,55.26,21.33,17.53,24.18,5.66,77.25,Kidneybeans
19.42,50.72,27.56,22.09,24.29,5.77,82.78,Kidneybeans
27.46,54.09,25.23,19.09,22.72,5.81,88.61,Kidneybeans
33.28,52.5,24.25,19.32,28.72,5.63,71.58,Kidneybeans
19.27,57.83,20.9,21.1,29.41,5.8,90.79,Kidneybeans
24.23,52.43,25.91,18.99,29.08,5.88,83.04,Kidneybeans
16.27,53.67,25.81,19.72,26.73,5.81,84.64,Kidneybeans
23.66,56.63,21.72,21.43,28.07,5.73,87.21,Kidneybeans
21.96,53.95,20.6,18.37,25.73,5.85,74.63,Kidneybeans
23.29,54.76,21.85,17.48,25.88,5.73,83.6,Kidneybeans
23.43,52.51,25.21,20.35,27.06,5.75,76.55,Kidneybeans
23.41,59.48,18.13,19.1,25.78,5.77,87.96,Kidneybeans
19.28,55.43,21.22,18.66,25.52,5.81,72.97,Kidneybeans
24.28,50.41,21.1,19.45,31.25,5.73,65.33,Kidneybeans
14.17,57.64,24.03,20.63,26.97,5.85,76.4,Kidneybeans
26.23,50.7,20.24,16.99,25.72,5.75,80.76,Kidneybeans
22.76,53.64,22.02,17.5,30.36,5.72,76.74,Kidneybeans
29.12,52.32,19.69,18.17,26.31,5.79,84.93,Kidneybeans
33.22,48.13,24.02,19.07,24.84,5.7,73.94,Kidneybeans
29.52,61.01,22.56,22.25,22.21,5.64,65.48,Kidneybeans
19.59,58.17,22.76,20.25,22.5,5.82,81.6,Kidneybeans
25.55,49.61,23.28,18.02,25.37,5.79,80.61,Kidneybeans
18.95,57.53,18.67,21.92,25.92,5.84,76.49,Kidneybeans
20.32,54.32,24.69,18.82,28.33,5.72,66.83,Kidneybeans
20.12,52.59,22.58,18.02,29.12,5.74,78.82,Kidneybeans
25.23,61.52,22.45,18.71,21.47,5.69,75.89,Kidneybeans
22.95,56.06,24.22,18.98,26.34,5.85,82.28,Kidneybeans
22.25,54.99,20.92,18.58,24.97,5.81,78.52,Kidneybeans
16.88,64.87,23.3,17.66,25.25,5.76,91.36,Kidneybeans
17.88,61.57,26.0,18.95,25.71,5.66,78.64,Kidneybeans
22.35,60.25,25.23,18.75,20.93,5.75,81.96,Kidneybeans
23.54,56.14,22.81,22.53,27.58,5.72,76.67,Kidneybeans
21.79,64.32,22.04,19.97,25.13,5.84,93.07,Kidneybeans
24.38,57.84,22.59,16.03,28.61,5.76,82.86,Kidneybeans
19.54,55.9,21.47,21.7,25.43,5.92,82.87,Kidneybeans
17.18,56.96,20.87,16.34,31.03,5.81,83.55,Kidneybeans
23.19,51.74,21.29,21.4,23.52,5.54,78.49,Kidneybeans
21.91,58.06,24.32,21.06,27.23,5.85,69.87,Kidneybeans
24.6,60.11,19.4,17.5,24.39,5.69,85.02,Kidneybeans
19.94,53.93,20.97,21.86,26.54,5.74,79.27,Kidneybeans
27.88,54.38,25.79,20.35,26.05,5.96,72.96,Kidneybeans
21.03,52.36,24.88,22.82,31.23,5.85,78.68,Kidneybeans
20.98,50.54,27.59,20.78,25.11,5.86,73.51,Kidneybeans
24.19,56.78,24.1,19.89,22.39,5.76,86.99,Kidneybeans
22.38,60.73,19.89,19.96,24.73,5.81,80.21,Kidneybeans
25.38,62.03,24.23,20.46,23.67,5.75,76.45,Kidneybeans
21.07,55.94,20.05,16.74,24.61,5.77,71.01,Kidneybeans
22.57,65.42,25.06,22.74,27.61,5.85,75.17,Kidneybeans
19.82,46.09,25.47,22.57,24.93,5.73,74.97,Kidneybeans
24.09,62.19,18.14,20.68,25.72,5.76,83.06,Kidneybeans
21.72,57.07,21.97,21.62,27.69,5.77,71.53,Kidneybeans
20.92,61.24,22.59,21.1,31.51,5.84,80.62,Kidneybeans
20.37,46.86,22.08,19.46,27.61,5.74,77.86,Kidneybeans
15.09,53.58,23.69,22.86,26.22,5.78,86.35,Kidneybeans
19.12,59.03,20.65,21.44,26.93,5.77,74.78,Kidneybeans
25.45,66.19,19.98,19.43,27.16,5.82,76.27,Kidneybeans
10.7,63.16,24.4,17.1,24.78,5.88,89.65,Kidneybeans
26.41,56.77,22.71,19.78,29.7,5.68,74.63,Kidneybeans
26.71,57.32,25.95,18.88,26.34,5.67,80.05,Kidneybeans
16.34,55.47,18.91,21.16,28.53,5.61,88.89,Kidneybeans
32.91,57.69,20.9,24.71,22.76,5.75,81.2,Kidneybeans
28.1,59.0,21.25,18.41,25.53,5.67,80.32,Kidneybeans
20.15,51.27,25.64,19.17,22.91,5.74,80.46,Kidneybeans
15.22,58.88,19.88,22.85,27.98,5.72,75.03,Kidneybeans
22.06,60.05,22.44,19.64,26.67,5.7,77.71,Kidneybeans
13.81,61.56,23.25,18.71,31.88,5.76,73.09,Kidneybeans
26.07,59.16,23.49,19.29,27.78,5.73,83.71,Kidneybeans
14.56,55.69,26.81,18.72,24.79,5.71,71.9,Kidneybeans
13.3,56.54,22.84,19.91,26.09,5.75,86.82,Kidneybeans
21.71,55.11,21.8,20.97,30.5,5.7,80.66,Kidneybeans
23.91,53.36,22.55,17.56,21.49,5.78,77.44,Kidneybeans
23.34,57.43,20.06,19.92,23.01,5.87,70.96,Kidneybeans
21.68,53.16,23.93,19.45,25.03,5.82,80.2,Kidneybeans
24.65,53.41,18.99,20.18,25.6,5.8,79.47,Kidneybeans
23.35,50.74,27.22,19.73,28.48,5.68,82.05,Kidneybeans
17.07,59.38,21.61,20.05,28.48,5.65,75.44,Kidneybeans
24.41,66.24,22.15,20.99,26.2,5.91,68.35,Kidneybeans
22.89,50.73,16.23,20.5,26.9,5.73,79.29,Kidneybeans
35.41,56.42,23.78,18.92,27.34,5.73,77.26,Kidneybeans
30.08,62.4,22.84,16.16,25.48,5.98,78.46,Kidneybeans
27.1,63.51,23.05,18.6,19.6,5.81,74.57,Kidneybeans
23.23,52.29,21.84,20.06,27.26,5.66,87.98,Kidneybeans
20.01,50.52,22.23,20.06,26.96,5.86,78.42,Kidneybeans
22.0,52.9,24.55,20.31,25.31,5.59,89.63,Kidneybeans
17.38,55.04,23.4,18.01,22.27,5.57,84.81,Kidneybeans
20.23,69.7,20.01,18.46,24.9,5.77,76.87,Kidneybeans
25.05,53.42,19.05,17.0,20.2,5.71,77.99,Kidneybeans
19.87,62.68,25.57,19.44,21.42,5.7,76.0,Kidneybeans
19.76,54.59,20.87,19.36,24.7,5.77,82.4,Kidneybeans
18.71,62.8,20.05,17.3,27.58,5.68,82.14,Kidneybeans
12.48,63.3,24.18,17.5,22.31,5.89,75.08,Kidneybeans
19.02,48.06,21.62,19.62,28.53,5.63,69.86,Kidneybeans
24.38,61.69,18.57,21.8,26.61,5.84,79.53,Kidneybeans
11.99,56.87,25.15,18.51,25.4,5.74,60.67,Kidneybeans
29.46,53.74,23.76,19.86,30.06,5.78,78.43,Kidneybeans
18.78,60.82,17.82,21.08,23.39,5.85,81.08,Kidneybeans
25.18,57.84,18.12,18.57,28.41,5.76,87.87,Kidneybeans
24.18,53.47,20.51,20.17,19.94,5.89,82.94,Kidneybeans
27.61,50.91,25.61,23.72,22.76,5.81,80.01,Kidneybeans
16.06,59.55,24.58,19.0,29.8,5.61,70.03,Kidneybeans
23.07,57.61,20.71,21.35,28.0,5.82,79.18,Kidneybeans
25.01,55.64,27.63,18.65,32.47,5.75,70.83,Kidneybeans
28.2,58.02,24.63,22.04,27.46,5.7,86.5,Kidneybeans
22.5,60.36,17.12,20.74,24.69,5.89,84.15,Kidneybeans
23.5,59.53,20.0,22.71,32.14,5.78,90.6,Kidneybeans
20.13,54.18,22.6,20.72,25.38,5.79,82.04,Kidneybeans
18.34,59.66,24.66,20.29,29.77,5.65,83.12,Kidneybeans
17.62,52.86,20.92,18.43,24.95,5.73,85.58,Kidneybeans
21.16,50.89,25.35,18.6,26.33,5.79,81.33,Kidneybeans
27.06,59.5,20.35,23.63,27.05,5.74,86.43,Kidneybeans
23.54,59.16,28.73,19.54,25.6,5.76,87.14,Kidneybeans
16.22,49.31,21.03,17.28,25.3,5.79,74.06,Kidneybeans
16.55,57.79,24.66,17.18,28.82,5.82,86.36,Kidneybeans
27.58,66.68,21.61,20.18,25.32,5.75,90.22,Kidneybeans
16.9,53.91,25.94,21.7,25.47,5.82,82.27,Kidneybeans
28.75,57.81,25.06,24.4,28.19,5.75,84.82,Kidneybeans
20.98,67.45,22.95,19.55,24.13,5.84,85.78,Kidneybeans
20.43,59.9,18.73,20.31,27.78,5.89,74.86,Kidneybeans
17.17,53.77,19.16,22.23,30.89,5.78,88.14,Kidneybeans
23.06,57.1,21.67,19.48,22.11,5.77,79.73,Kidneybeans
25.61,57.89,22.09,18.55,26.7,5.81,72.38,Kidneybeans
22.86,58.47,20.7,19.02,27.15,5.66,82.33,Kidneybeans
18.77,61.93,28.34,18.57,28.01,5.69,86.94,Kidneybeans
17.23,59.5,20.32,19.66,23.58,5.82,74.42,Kidneybeans
24.8,56.07,22.21,20.25,24.34,5.77,90.2,Kidneybeans
19.26,62.38,26.25,18.64,22.38,5.78,76.35,Kidneybeans
30.29,57.65,20.49,18.09,29.59,5.7,80.29,Kidneybeans
26.48,55.48,22.39,19.97,28.44,5.8,78.53,Kidneybeans
22.77,55.95,18.81,20.43,31.86,5.68,74.85,Kidneybeans
18.87,60.52,23.62,19.74,23.9,5.76,69.57,Kidneybeans
23.1,61.13,19.37,17.45,30.98,5.7,87.57,Kidneybeans
21.86,56.83,23.6,18.53,26.88,5.72,71.2,Kidneybeans
23.91,56.4,22.11,17.98,31.01,5.82,86.43,Kidneybeans
21.23,50.3,27.38,19.9,24.38,5.78,87.78,Kidneybeans
22.4,62.83,25.21,18.21,24.59,5.83,61.92,Kidneybeans
21.88,51.54,21.31,19.5,25.48,5.7,72.69,Kidneybeans
32.05,65.28,19.59,22.64,25.37,5.76,79.58,Kidneybeans
19.75,61.6,22.81,19.21,22.8,5.68,69.06,Kidneybeans
22.55,52.51,21.84,22.28,29.9,5.75,79.42,Kidneybeans
30.33,59.67,21.68,17.62,27.62,5.82,75.79,Kidneybeans
23.71,55.99,22.04,15.85,25.87,5.83,75.79,Kidneybeans
22.72,54.35,23.4,19.64,23.84,5.86,86.19,Kidneybeans
19.98,59.57,23.84,21.07,21.7,5.83,76.2,Kidneybeans
21.01,68.49,23.25,19.36,20.25,5.87,71.03,Kidneybeans
18.32,56.12,26.04,21.29,26.05,5.78,76.0,Kidneybeans
23.08,57.81,24.92,21.61,27.9,5.72,84.95,Kidneybeans
22.12,52.99,21.49,20.14,29.08,5.73,71.94,Kidneybeans
22.74,57.97,22.96,21.53,29.39,5.7,75.89,Kidneybeans
18.17,60.41,26.12,19.47,25.82,5.87,83.37,Kidneybeans
24.32,52.54,24.2,18.45,23.29,5.72,76.09,Kidneybeans
26.58,18.9,43.2,32.5,47.63,6.49,105.54,Mango
31.07,22.33,40.1,30.75,55.53,5.94,122.09,Mango
32.09,24.29,47.75,30.29,54.89,6.22,129.39,Mango
27.47,21.53,44.35,30.34,48.97,6.12,122.22,Mango
33.3,22.78,44.39,29.19,51.39,6.18,113.66,Mango
27.85,24.23,38.52,31.19,52.39,6.02,113.67,Mango
26.9,22.09,40.11,31.1,51.42,6.57,101.36,Mango
24.5,29.45,36.54,29.19,54.34,5.73,112.26,Mango
36.44,18.64,33.39,29.0,54.75,6.53,109.02,Mango
30.35,25.98,45.96,30.67,46.75,6.04,110.02,Mango
26.42,22.03,43.73,32.7,52.07,6.52,119.17,Mango
27.77,24.77,40.24,33.74,48.9,6.12,113.52,Mango
29.33,25.67,39.92,29.1,54.61,6.44,92.34,Mango
27.48,18.52,37.78,29.8,54.52,6.28,100.0,Mango
31.17,18.92,41.1,29.91,51.59,6.38,121.08,Mango
33.07,22.29,41.02,30.42,52.95,6.36,113.85,Mango
19.98,23.33,41.22,30.09,49.29,6.62,120.73,Mango
26.55,19.66,37.26,32.74,52.84,6.11,120.95,Mango
24.11,26.25,44.51,30.38,50.93,5.6,97.71,Mango
21.92,22.84,38.91,29.21,51.8,6.38,121.16,Mango
19.58,22.18,35.39,32.2,54.46,6.03,106.06,Mango
25.58,16.87,41.12,30.64,54.93,5.98,107.78,Mango
21.22,19.99,36.06,32.33,50.75,6.28,110.56,Mango
22.21,22.08,42.0,29.39,54.52,6.04,109.37,Mango
29.71,20.84,40.13,30.58,52.82,5.65,93.65,Mango
30.07,25.09,36.97,30.67,53.24,6.42,91.34,Mango
23.81,21.67,42.34,34.33,51.93,5.9,119.69,Mango
33.0,22.77,36.98,32.28,54.16,5.99,119.45,Mango
31.66,25.45,39.78,30.52,55.57,5.95,120.12,Mango
21.79,25.16,39.14,32.69,53.73,5.94,131.62,Mango
33.96,24.71,37.46,30.59,52.86,6.07,134.74,Mango
28.1,15.74,41.13,30.54,52.31,6.16,124.42,Mango
32.17,23.21,38.87,30.94,52.55,6.05,121.75,Mango
29.42,26.35,44.18,30.09,54.55,6.01,123.12,Mango
25.35,19.94,40.93,27.43,48.12,6.21,115.96,Mango
25.96,18.55,37.27,31.52,53.95,6.25,128.5,Mango
29.16,20.63,39.06,29.13,52.23,6.53,123.0,Mango
33.34,21.74,44.49,30.74,56.18,6.24,123.25,Mango
33.65,22.02,40.73,32.72,52.17,5.92,140.0,Mango
25.54,22.9,43.85,30.19,49.98,6.31,94.08,Mango
26.3,23.11,39.1,28.94,56.49,6.28,131.7,Mango
26.42,20.3,40.9,30.71,49.56,6.62,107.74,Mango
19.83,25.82,38.32,30.19,48.09,6.69,99.96,Mango
27.74,24.78,41.41,30.92,48.25,6.05,117.19,Mango
24.22,23.01,42.27,32.28,49.43,6.8,123.95,Mango
27.49,25.22,47.88,29.08,51.94,5.66,117.25,Mango
29.02,22.4,37.82,28.27,53.43,6.61,108.1,Mango
29.33,18.58,41.52,30.48,50.59,6.06,110.41,Mango
29.09,19.22,38.68,30.94,49.75,6.7,105.04,Mango
24.71,20.05,45.99,31.74,50.16,6.53,117.34,Mango
28.57,21.64,37.5,31.45,51.14,6.7,100.19,Mango
33.9,22.22,41.0,32.11,50.92,6.47,83.41,Mango
24.5,20.19,35.82,30.71,53.46,6.43,117.81,Mango
24.73,23.42,40.41,32.25,54.44,6.26,104.53,Mango
24.78,21.13,38.95,31.36,54.29,6.24,115.19,Mango
28.1,21.21,36.92,28.66,50.76,6.37,106.8,Mango
26.51,23.67,41.74,29.56,54.99,6.53,101.82,Mango
24.07,25.48,39.51,28.04,49.0,6.19,101.43,Mango
25.78,22.58,44.87,30.61,55.18,6.61,131.73,Mango
28.69,17.59,41.54,32.4,52.3,6.69,125.03,Mango
29.87,25.22,41.11,27.68,51.25,6.55,105.58,Mango
26.57,19.89,45.95,33.24,50.29,6.29,107.06,Mango
30.06,23.77,42.71,31.44,59.84,5.99,95.04,Mango
25.86,18.58,35.03,29.66,50.19,6.01,121.05,Mango
25.39,22.05,42.98,29.98,51.84,6.34,92.35,Mango
17.56,23.37,41.64,33.75,52.9,6.45,112.72,Mango
28.74,26.67,32.92,31.55,57.84,6.32,134.26,Mango
24.88,22.42,40.11,28.04,49.58,5.98,124.59,Mango
31.13,23.31,42.75,30.78,55.5,6.25,115.68,Mango
26.39,24.21,38.6,32.3,49.67,5.98,123.02,Mango
27.13,21.37,42.97,30.19,52.0,6.6,132.96,Mango
34.05,21.79,44.1,29.73,50.23,5.66,134.52,Mango
23.9,22.18,36.97,31.93,51.56,5.92,120.15,Mango
21.53,20.41,32.98,29.1,52.95,5.76,97.72,Mango
27.49,21.14,46.64,33.45,50.33,6.39,123.74,Mango
25.01,18.76,39.96,30.77,51.41,6.36,106.24,Mango
22.7,22.77,41.29,29.43,54.82,5.81,108.26,Mango
26.42,20.91,38.12,33.49,50.37,6.86,120.1,Mango
27.88,23.69,48.43,29.68,49.7,6.06,115.38,Mango
20.31,22.56,45.65,31.2,51.77,6.1,125.48,Mango
24.06,27.12,46.44,31.34,52.47,6.51,127.77,Mango
24.14,21.18,35.59,31.55,54.17,5.91,109.69,Mango
21.89,20.25,41.84,30.02,51.75,5.84,117.18,Mango
27.32,20.68,39.37,31.24,50.46,5.88,136.07,Mango
24.86,22.26,43.37,35.71,49.39,6.36,106.75,Mango
25.26,20.7,36.25,30.94,48.81,6.49,115.64,Mango
29.26,21.33,38.78,31.38,49.59,6.16,104.97,Mango
23.79,17.23,44.46,30.08,55.41,6.52,100.0,Mango
22.96,28.9,45.84,30.96,53.14,6.09,120.04,Mango
24.51,17.42,35.59,31.03,49.67,6.23,102.46,Mango
24.24,24.63,40.82,30.99,54.7,6.37,131.88,Mango
25.58,21.43,35.66,30.43,54.91,6.57,126.2,Mango
20.02,25.21,33.87,32.2,51.58,6.43,99.45,Mango
32.38,18.84,37.77,29.67,48.11,6.27,136.07,Mango
38.61,22.74,43.72,31.31,53.75,6.16,117.28,Mango
29.74,21.05,39.74,30.92,54.57,5.98,114.4,Mango
35.47,25.41,44.5,31.03,53.3,6.5,133.2,Mango
19.37,19.21,44.36,30.63,50.82,5.94,108.52,Mango
21.66,27.73,39.93,30.92,53.97,6.49,126.04,Mango
31.97,20.92,39.01,32.03,51.18,6.25,119.65,Mango
30.77,18.06,42.38,30.69,54.27,6.44,133.76,Mango
33.14,25.87,44.81,31.39,52.58,6.47,123.54,Mango
26.21,23.51,39.88,29.86,55.73,6.26,138.9,Mango
20.73,21.11,40.11,32.52,53.5,6.33,101.85,Mango
22.68,23.31,35.45,30.29,53.75,6.0,133.73,Mango
32.6,18.57,36.89,27.95,50.54,6.44,110.17,Mango
29.42,18.69,42.66,30.26,52.53,6.23,100.17,Mango
22.7,24.92,41.33,32.4,53.31,6.29,94.86,Mango
26.37,22.43,46.51,31.92,56.34,6.4,106.7,Mango
27.99,23.09,36.87,30.49,51.99,6.65,90.72,Mango
32.52,20.16,35.43,32.57,54.33,6.56,124.34,Mango
36.08,23.9,39.48,31.46,55.61,6.06,107.39,Mango
26.21,17.24,40.46,28.49,52.63,6.47,109.44,Mango
34.49,18.85,43.97,31.9,48.21,6.93,114.26,Mango
23.84,18.98,39.27,30.83,52.76,6.18,122.39,Mango
25.88,17.66,39.5,27.84,53.38,6.01,116.91,Mango
32.98,20.13,43.54,30.42,56.88,6.16,105.19,Mango
30.36,21.41,37.2,30.36,52.39,6.59,92.44,Mango
27.6,24.06,40.64,32.75,52.31,6.2,121.91,Mango
27.91,21.52,41.72,30.13,50.97,6.12,130.79,Mango
14.08,23.49,40.11,28.76,53.27,6.37,121.88,Mango
16.45,25.92,37.54,31.92,54.35,6.03,122.71,Mango
25.89,17.32,43.89,29.97,50.36,6.15,118.18,Mango
27.26,23.87,35.54,30.01,52.21,6.72,113.67,Mango
32.02,22.6,38.39,30.67,52.08,6.4,131.04,Mango
29.0,25.47,36.78,30.45,50.69,6.33,110.81,Mango
30.54,20.17,40.14,31.92,47.34,6.78,111.7,Mango
19.06,22.9,40.11,30.89,54.98,6.44,118.48,Mango
29.38,22.24,45.92,29.03,52.85,6.27,124.49,Mango
23.98,18.14,40.52,31.37,56.22,5.93,128.47,Mango
37.36,21.56,35.7,30.46,52.54,6.39,108.1,Mango
33.98,19.71,34.2,32.48,46.81,6.2,151.37,Mango
27.45,19.7,39.81,30.93,52.9,6.42,102.88,Mango
34.53,23.11,42.42,30.16,55.72,6.19,118.24,Mango
23.61,20.01,42.29,30.41,50.37,6.09,123.15,Mango
24.88,22.21,40.05,28.44,48.82,6.33,106.4,Mango
31.9,24.92,42.4,33.43,52.29,6.41,108.18,Mango
37.72,27.46,40.04,31.52,55.9,6.21,107.34,Mango
31.14,22.7,40.61,29.89,48.21,6.31,125.56,Mango
26.56,26.09,37.65,29.59,52.33,6.23,123.98,Mango
24.27,25.92,46.56,30.95,55.62,5.99,127.54,Mango
31.86,24.66,39.95,27.06,50.9,6.09,103.59,Mango
28.01,21.45,37.25,29.59,50.71,6.53,107.29,Mango
25.35,21.36,41.13,31.61,44.89,6.51,131.76,Mango
23.12,20.07,38.5,29.99,53.06,5.76,101.96,Mango
33.91,20.18,44.14,31.47,47.98,6.41,113.63,Mango
25.6,23.11,41.58,31.94,55.45,6.35,98.95,Mango
25.53,29.86,42.41,34.16,55.99,6.31,118.52,Mango
27.35,18.16,40.06,32.61,51.0,6.35,124.94,Mango
23.71,21.37,36.61,29.9,49.28,6.02,131.56,Mango
93.9,80.42,132.49,30.57,85.78,6.14,205.1,Banana
98.46,76.03,144.72,27.99,84.16,6.18,190.75,Banana
106.92,82.55,143.64,28.37,79.29,5.92,203.48,Banana
100.39,78.69,125.45,29.63,87.43,6.08,210.15,Banana
103.82,81.32,139.66,29.53,81.72,5.87,195.85,Banana
102.09,78.95,136.57,29.59,84.58,6.21,201.3,Banana
91.28,78.85,135.22,26.55,85.97,6.02,206.36,Banana
109.1,77.9,137.87,28.85,82.04,5.87,227.76,Banana
97.5,82.33,125.62,30.57,85.13,6.02,196.22,Banana
102.67,87.63,126.18,30.04,80.22,6.0,195.87,Banana
97.14,79.97,129.33,30.37,78.01,6.09,194.56,Banana
92.19,80.67,127.22,29.05,78.94,6.08,184.59,Banana
96.99,80.98,131.14,28.92,78.72,6.11,229.42,Banana
118.61,80.3,138.94,26.63,86.26,6.13,191.93,Banana
108.25,79.15,132.71,29.63,79.84,6.17,182.4,Banana
93.0,76.97,138.8,28.18,79.13,5.9,199.47,Banana
92.13,76.16,145.56,27.85,81.69,5.94,192.98,Banana
104.14,83.16,133.47,27.35,85.69,5.98,228.84,Banana
85.03,80.65,144.59,28.53,81.94,6.05,190.69,Banana
97.92,78.87,131.86,30.64,83.65,6.04,213.48,Banana
98.24,77.42,131.99,29.0,79.85,5.92,191.4,Banana
114.16,70.75,134.1,31.3,82.8,6.13,201.66,Banana
95.55,72.53,136.03,27.97,80.5,5.92,229.08,Banana
116.03,80.72,132.68,27.43,83.67,6.3,195.88,Banana
84.14,82.23,139.93,26.89,82.94,6.08,198.78,Banana
94.73,83.39,132.98,27.02,77.38,6.21,210.28,Banana
100.59,78.53,132.36,27.57,81.42,5.65,187.73,Banana
97.93,82.03,134.8,30.06,85.87,6.18,207.84,Banana
100.08,76.73,138.7,31.24,83.36,6.32,174.57,Banana
92.31,82.85,136.32,30.75,82.46,5.86,196.44,Banana
89.78,76.24,139.86,30.16,83.41,5.71,194.03,Banana
91.83,83.92,132.08,27.55,82.57,5.89,224.73,Banana
95.1,75.34,124.24,28.96,81.1,5.76,219.82,Banana
104.45,79.91,141.82,29.88,80.44,5.83,213.63,Banana
102.64,80.57,130.77,29.81,80.61,5.98,224.12,Banana
95.59,74.76,129.74,30.33,83.14,5.98,191.52,Banana
103.24,77.17,136.53,28.02,80.26,5.89,193.74,Banana
99.67,80.78,116.56,27.92,81.52,6.25,182.0,Banana
101.09,84.98,128.44,29.53,80.49,5.92,186.61,Banana
95.12,89.07,139.22,30.47,83.73,5.73,206.58,Banana
107.15,77.16,139.83,29.94,87.13,5.93,181.71,Banana
97.59,84.79,125.86,26.24,82.72,5.93,200.13,Banana
106.3,78.16,125.63,31.73,80.01,5.82,218.4,Banana
97.44,79.79,137.41,30.44,81.67,6.25,164.4,Banana
105.07,77.2,141.86,29.19,80.82,6.11,214.89,Banana
104.28,76.57,132.58,28.99,82.4,6.12,166.42,Banana
102.23,79.03,130.81,28.01,81.96,5.4,188.31,Banana
94.16,81.78,130.97,28.71,86.36,6.17,215.04,Banana
96.67,81.81,133.83,28.74,83.52,5.9,224.88,Banana
98.93,82.06,142.28,30.38,78.98,6.07,214.18,Banana
105.95,76.29,131.71,30.33,80.6,5.95,226.26,Banana
99.68,77.58,130.61,29.44,79.17,5.96,205.55,Banana
108.66,82.23,131.43,30.57,81.75,5.79,197.13,Banana
109.59,80.55,135.06,31.18,78.92,5.79,173.07,Banana
102.48,80.55,142.71,29.32,81.49,6.0,201.96,Banana
88.85,89.03,137.6,29.28,84.04,6.12,197.66,Banana
95.79,82.0,136.93,27.92,86.05,6.05,212.16,Banana
109.28,80.07,136.58,30.08,80.69,6.01,202.09,Banana
93.63,87.73,127.96,27.27,85.79,6.12,182.9,Banana
104.05,84.89,134.85,32.47,78.19,6.12,219.44,Banana
105.94,79.32,133.55,29.59,84.54,6.1,217.33,Banana
93.21,79.24,130.3,28.49,85.04,6.02,243.45,Banana
101.29,80.2,135.53,28.15,82.36,6.19,201.9,Banana
94.71,76.92,132.75,29.1,85.48,5.78,194.67,Banana
100.96,73.89,130.83,28.09,80.51,6.03,197.32,Banana
96.3,81.43,143.62,31.19,77.69,6.1,197.03,Banana
101.03,78.67,135.59,29.2,81.05,5.85,192.52,Banana
101.56,82.0,139.27,28.34,83.21,6.16,219.43,Banana
99.61,79.26,135.96,27.47,82.02,6.12,210.7,Banana
98.2,80.73,130.88,29.94,82.31,5.95,193.97,Banana
99.58,78.51,138.29,28.47,86.48,6.24,185.14,Banana
100.46,77.83,133.37,31.67,81.73,6.06,209.02,Banana
93.33,77.15,128.97,27.82,75.37,6.09,234.24,Banana
100.99,75.28,131.79,28.39,79.96,6.14,213.5,Banana
92.3,82.42,142.63,31.54,89.66,5.85,247.07,Banana
97.64,78.03,136.64,28.22,83.5,5.78,196.02,Banana
108.57,79.81,135.71,29.63,85.43,5.72,209.74,Banana
98.21,80.56,140.3,27.41,79.97,5.68,190.85,Banana
108.87,79.6,128.3,28.35,78.78,5.81,206.48,Banana
92.17,83.71,134.64,29.11,81.8,6.13,213.05,Banana
102.23,81.88,133.94,29.72,81.66,6.0,195.42,Banana
96.95,77.7,137.34,30.75,85.43,5.79,221.49,Banana
97.88,82.0,130.47,29.19,83.28,5.75,210.14,Banana
108.97,79.42,141.8,28.75,84.62,5.63,240.31,Banana
109.97,79.05,125.14,29.38,78.89,6.07,206.86,Banana
93.72,83.74,139.03,30.3,82.52,5.76,216.3,Banana
98.2,75.37,141.76,31.8,82.4,6.36,201.52,Banana
97.46,77.9,143.19,27.96,84.34,5.91,192.33,Banana
106.87,78.73,132.98,30.51,86.49,6.11,189.09,Banana
96.6,80.27,136.6,27.68,84.31,6.01,171.4,Banana
93.81,78.32,134.64,31.52,83.1,5.86,203.68,Banana
97.65,81.08,137.9,30.61,82.44,6.27,215.13,Banana
95.28,87.37,136.63,27.89,86.63,6.35,199.45,Banana
96.64,79.43,138.57,30.7,83.93,6.02,224.97,Banana
97.91,83.44,133.56,29.57,82.22,5.99,193.71,Banana
108.97,77.56,131.3,31.83,84.94,5.6,190.58,Banana
87.92,76.83,119.31,28.82,79.65,6.01,172.91,Banana
100.55,78.62,142.51,30.88,84.46,5.95,233.09,Banana
89.65,75.32,134.58,32.01,81.99,5.97,175.97,Banana
106.31,83.18,138.95,28.16,80.73,5.78,201.4,Banana
92.8,76.08,132.88,28.35,81.16,6.08,201.32,Banana
98.08,80.61,130.04,29.14,82.88,5.75,216.59,Banana
94.12,80.3,140.82,30.23,82.59,5.94,215.79,Banana
104.5,77.94,131.03,26.24,82.89,5.99,218.94,Banana
102.39,84.45,131.51,30.52,81.18,6.13,175.69,Banana
101.57,73.38,133.66,29.59,81.2,5.82,214.1,Banana
99.31,78.37,135.21,32.52,85.38,6.19,207.26,Banana
101.11,72.01,131.61,28.36,77.81,5.81,166.99,Banana
99.74,82.73,140.53,29.55,80.09,5.68,170.72,Banana
91.54,77.04,134.2,27.65,83.35,5.96,200.18,Banana
107.6,76.07,137.09,28.98,81.67,6.15,214.65,Banana
93.69,79.39,136.41,28.64,83.96,6.05,230.54,Banana
89.8,79.59,130.46,29.81,78.46,6.06,189.5,Banana
95.11,75.18,132.67,30.45,82.44,6.1,227.74,Banana
101.76,78.14,137.34,28.27,81.24,5.75,215.44,Banana
97.43,80.61,129.82,29.58,80.6,5.98,214.63,Banana
105.27,79.93,126.16,32.99,86.86,6.12,187.45,Banana
99.24,78.19,141.32,29.35,80.54,5.92,218.69,Banana
110.67,85.09,138.79,28.66,74.4,6.05,199.97,Banana
100.93,80.18,128.37,29.74,84.08,6.11,215.78,Banana
104.03,78.63,134.65,29.12,82.77,6.17,210.73,Banana
113.85,87.35,135.4,23.88,85.59,5.91,186.64,Banana
97.34,78.51,138.06,26.92,79.81,6.06,210.38,Banana
104.28,77.38,130.11,28.32,83.1,6.25,165.88,Banana
98.53,75.56,126.74,30.29,83.86,6.07,215.35,Banana
96.8,78.56,145.93,28.67,84.34,6.0,169.2,Banana
86.37,78.07,140.28,30.05,84.79,5.84,226.93,Banana
93.57,80.71,134.95,28.77,85.85,5.88,177.51,Banana
100.13,78.67,151.89,29.9,81.48,5.82,168.66,Banana
93.17,80.38,142.14,30.5,83.07,5.95,204.48,Banana
96.54,85.73,134.05,28.88,76.96,5.97,213.94,Banana
92.88,77.5,138.96,27.03,85.14,5.91,193.52,Banana
92.51,81.26,147.3,30.04,80.34,6.19,194.72,Banana
109.16,82.69,120.28,27.66,84.86,6.03,182.94,Banana
95.78,73.65,134.56,31.95,84.51,6.37,214.71,Banana
106.85,86.58,136.89,28.75,85.08,6.24,192.0,Banana
95.19,80.46,139.16,30.06,78.94,6.32,189.31,Banana
98.23,76.99,148.49,29.32,80.37,6.14,212.82,Banana
98.75,82.8,130.87,28.34,77.47,5.78,230.13,Banana
110.94,80.22,143.31,28.79,81.89,6.01,197.92,Banana
98.57,83.81,135.75,29.95,85.08,6.06,183.83,Banana
90.98,80.5,134.14,29.12,82.46,6.43,177.83,Banana
86.73,81.11,133.12,29.42,83.96,6.21,174.88,Banana
96.29,81.43,138.85,31.92,84.89,5.99,185.16,Banana
96.24,78.02,138.28,29.34,79.19,5.93,214.63,Banana
102.34,81.9,136.91,31.17,83.09,5.94,184.74,Banana
101.66,71.86,134.08,28.73,79.09,5.85,213.49,Banana
101.54,80.34,136.53,29.12,85.61,6.02,175.7,Banana
110.87,81.23,132.05,27.33,83.49,5.98,226.24,Banana
97.69,77.21,139.48,30.23,82.92,6.11,199.37,Banana
36.17,23.88,22.08,19.44,90.88,5.71,167.36,Orange
26.47,17.91,19.86,19.51,90.02,6.15,143.48,Orange
32.11,20.98,19.78,20.31,86.13,6.33,143.83,Orange
39.72,18.01,17.1,22.04,87.42,6.78,127.92,Orange
26.1,18.22,17.45,19.74,85.91,6.75,136.16,Orange
35.75,20.53,20.65,19.92,88.78,6.23,158.66,Orange
33.82,15.63,20.63,17.16,89.16,7.24,129.51,Orange
36.66,14.15,21.51,17.05,85.94,6.13,149.76,Orange
40.04,20.08,17.12,25.3,85.62,5.78,146.11,Orange
29.48,23.3,18.73,22.01,91.0,6.1,132.45,Orange
34.62,25.13,17.81,18.02,88.7,6.31,142.03,Orange
27.24,27.38,15.51,18.93,87.42,7.14,122.34,Orange
44.92,22.52,21.39,16.72,88.93,6.26,156.89,Orange
30.14,19.62,18.15,16.71,89.35,6.68,156.12,Orange
26.1,23.55,28.35,18.49,92.24,6.41,121.7,Orange
33.47,23.49,17.21,18.0,88.98,6.5,147.79,Orange
36.19,21.6,18.56,20.77,85.18,6.93,131.54,Orange
40.64,19.22,20.67,18.35,84.96,5.92,125.93,Orange
33.38,20.71,23.37,18.51,85.3,6.02,146.4,Orange
41.92,24.22,22.37,22.13,91.74,6.61,148.62,Orange
33.4,15.46,17.72,19.97,87.65,7.14,141.08,Orange
40.89,18.55,18.96,15.57,85.64,6.68,140.1,Orange
39.71,20.6,18.83,27.16,87.27,6.89,134.65,Orange
38.55,23.09,20.69,12.15,87.55,6.91,147.03,Orange
37.23,14.26,17.6,21.37,88.53,6.9,138.07,Orange
37.03,20.05,16.71,12.48,88.58,6.56,131.76,Orange
26.9,22.1,19.11,21.86,92.16,5.79,130.67,Orange
33.95,24.85,14.55,26.45,87.84,6.47,137.36,Orange
32.82,23.49,16.44,21.15,86.54,6.25,174.48,Orange
37.1,22.04,23.79,15.26,91.88,5.66,129.75,Orange
32.7,21.94,20.73,19.44,87.47,6.17,120.04,Orange
38.63,22.31,25.28,17.37,89.23,6.41,155.87,Orange
40.11,20.7,18.87,23.2,89.12,6.27,122.3,Orange
33.56,25.05,23.82,16.29,84.58,6.92,124.86,Orange
37.55,17.95,25.39,17.43,90.36,6.56,143.36,Orange
25.15,12.66,19.26,20.82,84.69,6.14,147.49,Orange
37.81,19.54,22.6,16.09,86.61,7.05,140.91,Orange
35.63,27.69,15.34,22.65,91.66,6.39,151.46,Orange
30.09,17.71,21.28,22.66,90.3,7.02,139.1,Orange
40.97,18.86,23.01,20.69,88.61,6.64,118.6,Orange
29.38,20.34,14.38,22.77,89.68,6.61,125.05,Orange
41.9,26.79,20.49,21.7,88.0,6.68,138.41,Orange
34.83,23.02,27.82,15.33,87.24,6.11,161.23,Orange
32.06,15.19,22.13,25.81,89.16,6.57,145.46,Orange
42.07,17.09,19.63,18.49,84.58,6.39,154.77,Orange
37.83,22.15,20.49,21.74,85.5,6.4,142.56,Orange
36.39,21.07,19.54,18.74,95.39,6.8,145.51,Orange
33.83,18.5,19.56,20.98,82.8,5.98,131.51,Orange
36.04,19.2,24.93,15.06,85.62,7.01,141.75,Orange
39.42,26.84,17.69,19.67,86.82,5.85,135.86,Orange
39.41,21.8,22.06,18.75,85.86,6.92,133.37,Orange
36.47,20.54,24.87,23.24,84.26,6.1,147.72,Orange
34.68,18.48,23.39,20.62,87.63,6.76,135.0,Orange
42.84,17.37,22.19,24.78,84.06,6.39,155.23,Orange
40.79,19.43,17.55,23.19,90.46,6.11,123.95,Orange
36.13,22.1,19.0,22.26,85.72,5.8,134.35,Orange
35.32,19.08,16.14,13.95,86.21,6.8,156.75,Orange
40.94,17.28,16.15,21.66,89.09,6.63,113.15,Orange
30.67,19.9,21.62,22.56,87.86,6.61,141.13,Orange
38.43,21.04,20.22,19.11,87.7,6.66,143.57,Orange
36.9,24.48,20.88,17.84,89.71,6.04,125.58,Orange
36.68,21.72,15.85,18.72,85.98,6.34,152.58,Orange
38.53,19.94,18.18,15.5,91.05,6.7,130.58,Orange
38.6,19.77,19.04,21.45,85.65,6.39,141.62,Orange
32.5,22.23,26.23,17.49,83.34,5.83,137.99,Orange
31.68,20.69,20.44,14.66,82.96,6.6,141.81,Orange
32.87,14.48,21.57,24.24,88.19,6.22,140.59,Orange
28.17,23.53,20.27,14.11,86.75,6.65,135.56,Orange
33.62,15.92,21.89,17.84,82.11,6.38,153.08,Orange
33.07,25.79,21.43,21.13,87.18,6.48,136.49,Orange
33.49,21.77,16.88,16.41,84.69,7.18,147.07,Orange
36.52,16.47,22.08,19.61,88.04,6.17,142.14,Orange
32.88,17.45,22.45,14.87,88.91,6.73,128.27,Orange
30.9,19.26,20.94,19.49,88.58,7.09,133.23,Orange
26.42,22.75,25.61,21.31,84.78,6.46,125.09,Orange
38.21,15.5,19.0,16.65,87.82,6.38,142.36,Orange
35.11,16.71,22.09,19.84,85.03,7.25,146.35,Orange
34.23,24.72,26.14,19.52,88.37,6.17,138.04,Orange
34.0,20.62,21.11,21.87,88.09,6.1,127.49,Orange
32.27,19.06,23.5,16.12,86.61,6.82,136.0,Orange
37.3,19.53,20.86,19.24,89.17,5.98,135.16,Orange
36.48,21.78,24.98,18.7,91.2,6.28,157.72,Orange
39.09,16.96,21.02,19.83,89.06,6.43,135.9,Orange
41.85,19.67,22.75,19.25,91.67,6.27,131.81,Orange
42.62,18.52,25.34,22.97,87.11,5.9,139.74,Orange
35.51,23.89,25.29,17.72,89.5,6.76,154.31,Orange
37.49,13.53,19.48,16.15,86.99,6.83,144.07,Orange
40.74,21.14,15.67,11.6,87.87,6.43,126.97,Orange
26.5,17.55,19.35,22.22,87.97,7.04,126.19,Orange
39.41,20.16,22.32,18.54,90.18,6.6,130.94,Orange
34.94,19.2,21.63,16.07,87.43,6.63,140.44,Orange
41.73,22.58,19.98,20.72,88.24,6.63,115.66,Orange
33.49,15.05,24.26,19.8,87.02,6.8,145.63,Orange
29.36,19.76,18.88,14.18,85.77,6.44,138.47,Orange
27.59,23.84,19.66,20.13,88.5,6.24,146.08,Orange
33.16,17.01,21.91,24.97,89.31,6.81,133.06,Orange
27.01,24.97,26.85,25.14,86.66,6.12,125.79,Orange
26.58,19.64,25.35,19.53,88.26,6.96,134.61,Orange
45.18,26.64,19.56,18.07,89.24,6.38,124.58,Orange
41.41,24.05,20.52,15.79,84.43,6.54,133.34,Orange
33.29,23.41,22.44,24.59,85.02,6.39,150.12,Orange
37.24,25.11,21.4,26.16,88.85,6.85,135.69,Orange
35.07,23.04,25.38,22.43,87.29,6.96,110.77,Orange
27.89,22.27,20.05,22.02,87.66,6.69,129.14,Orange
37.85,23.31,24.07,26.71,88.11,6.59,119.69,Orange
32.34,19.36,23.5,17.96,89.49,6.5,137.64,Orange
36.24,18.7,18.57,14.32,86.88,6.34,133.12,Orange
37.08,22.2,20.77,23.32,88.94,6.4,133.83,Orange
36.56,21.91,24.66,23.97,86.15,6.47,148.95,Orange
40.34,23.13,19.79,15.82,85.0,6.59,144.56,Orange
29.51,20.15,22.1,16.16,90.26,6.37,156.77,Orange
32.33,16.58,18.47,19.68,86.53,6.43,144.45,Orange
34.14,19.78,14.3,21.31,87.28,7.04,127.47,Orange
25.96,22.06,21.16,16.64,83.68,7.01,158.85,Orange
22.56,18.47,25.55,18.41,86.27,6.41,125.05,Orange
26.48,23.51,13.86,20.82,89.72,6.02,127.68,Orange
41.07,21.78,17.94,24.01,90.52,6.59,128.0,Orange
32.93,20.95,19.37,23.13,83.68,6.0,142.41,Orange
32.54,17.91,14.11,20.07,87.37,6.72,140.92,Orange
34.34,23.92,15.63,21.79,83.32,6.22,123.83,Orange
38.91,19.78,19.95,16.31,86.75,6.25,145.11,Orange
30.04,24.43,14.41,17.31,91.69,6.35,122.47,Orange
36.1,18.42,17.21,16.35,94.42,6.42,114.33,Orange
42.47,22.04,17.45,16.89,89.18,6.42,114.32,Orange
43.94,18.55,24.99,24.26,85.0,6.84,131.31,Orange
25.67,18.58,21.33,18.46,86.73,6.88,141.42,Orange
30.78,22.34,20.66,11.59,88.57,6.63,140.27,Orange
39.46,17.76,21.12,14.78,88.52,7.15,126.74,Orange
31.2,17.63,20.43,16.46,88.55,6.78,147.12,Orange
26.16,23.32,23.12,22.77,88.43,6.57,153.77,Orange
44.62,16.82,23.59,19.71,87.18,5.99,136.2,Orange
30.01,18.45,16.34,18.5,86.48,6.53,118.47,Orange
27.77,21.21,17.34,23.58,88.06,6.7,158.81,Orange
33.45,18.09,22.91,21.7,87.03,6.96,137.17,Orange
35.16,20.07,16.88,20.26,90.99,6.65,140.41,Orange
34.19,21.1,22.5,22.03,86.67,6.61,146.4,Orange
29.96,20.56,12.8,21.61,89.15,6.75,134.73,Orange
36.55,24.75,24.71,19.9,87.85,6.87,119.99,Orange
33.38,24.45,23.25,21.23,83.74,6.48,132.13,Orange
36.66,17.3,16.58,13.12,90.55,6.37,142.1,Orange
34.99,16.44,15.8,16.65,85.69,6.62,129.39,Orange
43.73,23.42,22.69,19.6,91.29,6.43,139.58,Orange
35.85,22.34,22.12,18.42,86.17,6.71,149.54,Orange
33.03,14.71,19.31,22.08,92.01,6.1,134.31,Orange
33.05,24.52,19.88,16.98,88.9,6.37,123.67,Orange
30.54,25.78,21.28,20.36,86.88,6.6,143.74,Orange
36.46,20.38,22.9,20.08,85.06,6.3,113.61,Orange
45.13,22.88,17.23,19.06,85.91,7.01,121.07,Orange
35.57,19.64,22.76,19.65,83.1,6.42,127.04,Orange
35.4,24.78,14.2,17.33,86.12,6.37,149.87,Orange
74.13,61.39,115.83,27.69,84.44,6.13,183.02,Coconut
75.26,63.48,118.66,27.82,82.4,6.45,174.32,Coconut
77.68,55.83,129.56,25.95,80.79,6.45,176.87,Coconut
82.88,53.81,116.62,25.73,82.58,6.64,196.51,Coconut
75.6,63.48,123.89,27.14,78.98,6.64,145.13,Coconut
81.48,59.46,127.97,27.1,83.17,6.6,169.25,Coconut
72.84,61.31,113.83,26.49,85.61,6.86,171.1,Coconut
83.33,59.11,128.82,27.65,79.94,7.42,186.51,Coconut
74.39,62.42,117.31,28.19,76.52,5.99,186.32,Coconut
73.75,60.69,111.02,29.04,85.48,6.4,163.26,Coconut
80.15,66.61,126.36,29.31,80.19,6.09,150.18,Coconut
77.21,60.59,118.99,28.17,85.58,5.74,160.05,Coconut
79.1,58.44,114.68,28.35,79.28,6.35,175.48,Coconut
72.13,62.61,116.21,28.67,82.19,6.84,182.43,Coconut
71.86,53.16,122.41,27.56,83.89,6.39,162.83,Coconut
85.04,55.09,124.89,27.02,81.66,6.34,156.61,Coconut
77.86,64.64,123.13,27.59,80.03,6.76,205.94,Coconut
73.1,58.75,116.26,27.09,75.64,6.7,155.91,Coconut
66.95,62.51,112.79,27.22,86.17,5.8,144.46,Coconut
76.35,63.83,109.5,27.84,83.95,5.47,183.31,Coconut
79.38,58.96,128.35,28.45,82.76,6.27,153.79,Coconut
74.81,61.9,117.84,25.67,85.67,6.6,163.67,Coconut
79.29,65.08,101.32,27.86,78.93,6.75,172.13,Coconut
78.18,58.34,107.51,27.12,83.52,7.01,150.47,Coconut
80.14,57.84,122.42,27.08,82.96,6.95,149.55,Coconut
71.6,60.62,136.01,26.78,87.6,7.5,168.38,Coconut
73.51,57.69,119.55,26.33,82.31,7.25,159.82,Coconut
73.8,54.33,122.49,27.72,82.66,6.39,165.12,Coconut
77.51,59.9,122.1,27.68,85.31,6.84,173.21,Coconut
82.59,61.4,128.7,28.01,77.9,7.15,172.25,Coconut
74.74,60.94,117.7,27.69,81.02,7.14,168.11,Coconut
73.09,56.92,121.79,27.66,83.47,5.99,143.31,Coconut
78.13,64.95,113.16,28.82,83.21,6.5,163.37,Coconut
68.08,63.29,114.83,26.85,84.98,5.56,144.61,Coconut
74.91,60.98,123.23,27.25,88.83,6.39,166.15,Coconut
71.02,60.41,124.1,28.5,78.78,6.38,177.45,Coconut
77.94,60.02,123.62,26.83,86.39,7.0,147.58,Coconut
69.62,56.51,124.52,26.43,81.67,6.73,168.9,Coconut
76.29,56.45,123.97,26.99,81.69,6.62,171.72,Coconut
75.12,57.5,118.0,27.5,79.06,6.27,176.46,Coconut
68.61,63.86,128.46,26.46,85.89,6.43,176.98,Coconut
72.52,63.08,122.71,26.82,79.59,5.77,173.13,Coconut
77.86,62.17,119.21,26.54,80.79,7.08,161.92,Coconut
75.72,56.41,122.24,27.12,85.12,6.89,161.74,Coconut
74.37,58.16,110.54,26.79,83.0,6.66,172.48,Coconut
73.49,63.11,120.42,28.09,78.07,4.54,174.73,Coconut
67.88,59.29,117.99,28.82,83.5,6.58,183.95,Coconut
76.84,58.47,127.14,26.58,83.31,5.73,173.4,Coconut
75.96,65.59,109.57,27.0,84.56,6.67,173.01,Coconut
70.22,58.03,128.3,27.46,83.44,6.44,150.28,Coconut
79.67,61.68,135.37,26.65,84.56,5.84,172.62,Coconut
79.88,53.09,118.63,27.03,80.75,6.69,188.68,Coconut
74.33,60.68,120.76,27.5,79.78,7.05,174.92,Coconut
76.97,57.31,116.94,27.35,78.66,5.66,159.99,Coconut
77.61,57.82,113.21,26.82,81.36,6.32,206.09,Coconut
80.27,63.42,127.79,26.67,79.44,5.95,192.24,Coconut
72.26,55.83,117.13,27.3,83.17,6.63,156.2,Coconut
78.43,57.87,118.96,28.07,80.9,6.22,179.86,Coconut
70.71,58.72,123.7,29.21,84.01,6.74,178.85,Coconut
69.63,60.39,119.8,27.77,82.79,6.69,164.81,Coconut
75.29,55.91,117.87,28.66,83.3,6.49,201.6,Coconut
68.2,56.3,131.42,27.54,81.89,5.9,177.46,Coconut
77.72,56.35,119.06,27.22,83.14,5.94,190.87,Coconut
79.58,58.79,118.56,27.39,80.55,6.28,165.5,Coconut
83.06,63.16,126.23,27.81,79.71,6.48,186.17,Coconut
68.71,62.12,135.48,28.38,86.04,6.61,186.13,Coconut
71.41,62.65,124.36,27.74,85.79,6.23,166.88,Coconut
75.48,56.57,121.51,26.07,85.12,6.52,161.32,Coconut
70.83,59.22,124.59,27.96,80.74,6.08,180.95,Coconut
71.39,60.2,120.83,27.76,84.65,5.87,138.15,Coconut
72.16,66.01,133.48,29.03,82.02,5.61,130.95,Coconut
71.93,59.34,128.67,28.22,83.07,6.06,153.99,Coconut
76.27,62.32,122.61,26.64,84.13,6.71,152.16,Coconut
71.08,62.29,118.44,28.82,83.75,6.26,169.83,Coconut
75.32,57.57,113.92,28.08,84.61,6.8,195.26,Coconut
72.29,65.58,113.99,26.66,78.1,6.28,161.6,Coconut
77.63,60.81,112.05,27.17,81.57,5.61,153.65,Coconut
71.15,64.78,121.28,28.05,78.75,7.1,191.69,Coconut
65.01,57.65,123.31,28.04,80.8,6.35,160.04,Coconut
75.55,63.99,114.86,28.33,80.55,6.08,183.64,Coconut
79.61,62.84,111.23,27.11,84.56,6.52,152.11,Coconut
77.29,57.62,131.96,28.79,84.01,7.18,171.08,Coconut
78.83,64.93,121.64,27.29,78.24,6.46,183.72,Coconut
79.73,61.68,116.39,25.85,81.26,6.35,164.78,Coconut
78.09,66.62,120.82,27.32,81.85,6.56,156.2,Coconut
75.6,61.5,121.4,27.88,83.58,5.61,180.61,Coconut
71.64,56.35,112.64,27.86,81.94,5.66,177.97,Coconut
67.8,60.47,121.59,28.24,86.95,5.82,169.13,Coconut
73.62,61.45,121.44,27.21,81.4,5.94,186.46,Coconut
77.3,63.06,117.93,26.95,79.8,6.68,152.67,Coconut
84.24,55.64,121.82,28.81,84.0,6.59,153.86,Coconut
68.09,62.57,130.04,27.13,79.65,5.27,153.65,Coconut
74.43,65.33,124.49,27.75,81.5,6.21,193.43,Coconut
76.0,52.99,115.51,26.78,81.13,6.78,168.21,Coconut
74.62,64.38,115.36,29.05,80.82,6.54,165.31,Coconut
75.62,61.48,122.89,26.87,79.69,7.75,161.93,Coconut
78.5,54.64,118.14,27.39,83.68,5.14,172.77,Coconut
69.25,61.08,113.09,26.79,81.82,5.97,162.07,Coconut
69.03,53.89,126.79,26.42,82.05,6.88,159.75,Coconut
70.87,60.75,127.45,26.53,82.12,5.63,163.45,Coconut
75.17,57.15,116.95,26.33,82.69,7.03,151.71,Coconut
71.89,61.68,128.08,26.26,82.08,6.64,168.3,Coconut
62.62,61.67,130.13,27.6,79.92,6.24,199.5,Coconut
79.55,62.13,122.38,26.95,82.0,6.46,179.16,Coconut
82.54,63.73,110.54,27.69,84.34,6.81,159.51,Coconut
89.57,55.74,112.78,27.69,87.79,6.08,165.57,Coconut
80.39,59.94,117.77,27.97,83.18,7.02,191.52,Coconut
76.54,60.97,121.43,27.91,82.64,6.5,189.94,Coconut
82.58,54.97,120.07,26.93,81.72,6.7,181.16,Coconut
74.44,53.62,113.57,28.25,75.65,7.09,178.69,Coconut
81.58,59.34,106.26,27.86,85.69,6.96,158.96,Coconut
75.43,58.22,114.54,28.3,79.51,6.05,151.6,Coconut
67.55,60.49,127.74,27.35,78.74,6.92,198.1,Coconut
71.77,58.4,123.44,28.85,81.2,5.83,180.52,Coconut
79.0,60.02,116.28,28.33,83.82,6.12,170.82,Coconut
68.24,62.29,118.25,27.14,82.42,6.52,184.92,Coconut
77.96,59.48,125.09,27.83,81.43,6.44,167.53,Coconut
77.53,58.78,117.4,29.14,84.85,6.12,179.52,Coconut
75.59,61.31,120.92,28.49,83.36,6.47,187.37,Coconut
76.17,60.4,122.09,27.42,82.52,6.21,157.48,Coconut
70.01,55.36,114.14,27.35,82.76,6.36,130.74,Coconut
82.87,63.62,122.97,29.09,80.06,7.44,153.91,Coconut
76.19,55.75,120.1,27.82,82.11,6.86,171.65,Coconut
72.39,58.11,125.41,26.96,84.79,7.11,142.19,Coconut
80.66,66.87,121.68,28.0,85.09,6.36,173.04,Coconut
68.43,60.46,123.32,27.93,85.16,6.11,161.12,Coconut
84.48,59.5,121.33,27.44,80.45,7.31,161.2,Coconut
69.36,58.5,106.66,26.96,80.08,6.81,158.78,Coconut
79.44,64.66,125.21,27.32,82.85,5.74,167.77,Coconut
70.7,62.31,137.15,27.92,77.52,6.32,172.04,Coconut
75.44,57.56,121.64,26.46,80.14,6.82,153.07,Coconut
77.69,55.44,131.77,26.85,81.94,6.67,160.58,Coconut
75.72,61.92,126.4,28.16,82.07,6.43,209.15,Coconut
79.75,56.93,120.67,27.22,82.16,5.89,163.13,Coconut
84.06,61.93,103.39,28.51,85.22,6.32,181.95,Coconut
70.7,58.43,129.99,27.27,77.83,6.47,168.69,Coconut
80.99,60.05,117.19,28.37,82.8,6.12,189.25,Coconut
75.97,60.01,121.19,26.61,81.18,6.5,166.76,Coconut
81.36,60.72,125.7,27.51,85.14,6.7,170.22,Coconut
74.93,56.82,123.38,27.47,81.25,7.05,149.16,Coconut
72.89,63.43,122.1,27.46,83.13,6.59,144.72,Coconut
73.25,65.39,115.6,27.23,81.15,6.46,160.28,Coconut
77.43,60.66,125.16,26.62,81.65,6.39,177.59,Coconut
71.03,63.05,127.91,26.68,81.27,6.23,213.87,Coconut
72.85,65.59,111.56,26.68,80.78,6.08,165.54,Coconut
71.46,57.27,127.72,28.52,84.87,6.76,171.55,Coconut
72.51,56.82,122.42,26.52,80.02,7.08,201.68,Coconut
76.97,63.69,118.36,26.39,84.03,6.78,171.19,Coconut
73.79,63.21,113.43,26.86,79.98,6.54,151.87,Coconut
71.58,57.65,118.26,26.26,82.72,7.12,172.26,Coconut
102.71,25.83,37.59,23.07,60.08,6.13,143.47,Coffee
85.59,23.73,31.23,22.04,60.0,5.98,126.47,Coffee
95.83,24.92,31.24,24.27,54.8,6.35,143.15,Coffee
95.73,17.77,34.79,23.23,59.71,5.91,134.22,Coffee
100.65,22.58,40.14,22.47,58.55,6.14,122.95,Coffee
88.93,25.24,31.09,21.18,66.23,5.77,153.07,Coffee
95.35,15.47,34.11,23.45,61.18,6.15,143.54,Coffee
98.56,20.78,30.3,21.7,55.13,6.17,124.76,Coffee
96.37,21.84,34.66,24.36,58.54,6.1,150.63,Coffee
94.24,28.25,30.2,24.29,62.19,5.92,177.16,Coffee
85.76,21.2,30.97,23.41,56.29,6.07,146.89,Coffee
92.6,23.47,34.1,21.91,69.34,5.92,113.04,Coffee
90.79,19.33,37.75,23.32,61.33,5.94,145.34,Coffee
93.15,22.3,37.78,23.34,61.67,6.08,164.74,Coffee
96.44,23.4,38.96,22.33,57.15,5.8,153.05,Coffee
85.73,23.66,34.64,24.13,57.76,5.97,168.7,Coffee
101.92,20.8,35.61,23.29,61.25,5.96,171.36,Coffee
85.55,21.45,36.49,23.46,64.51,6.2,145.24,Coffee
101.5,20.71,38.1,24.81,64.05,6.02,144.47,Coffee
87.36,23.28,31.28,22.21,56.03,5.92,149.53,Coffee
96.37,21.0,38.56,22.79,57.37,6.04,182.73,Coffee
96.68,21.59,29.91,22.78,60.78,5.94,122.24,Coffee
90.75,26.14,39.78,22.11,62.24,5.8,173.41,Coffee
96.23,24.87,29.28,23.68,59.97,6.14,165.25,Coffee
95.33,21.0,37.6,22.94,57.09,5.85,125.38,Coffee
92.45,25.26,35.59,22.47,62.68,5.86,151.59,Coffee
94.1,24.45,29.74,22.15,54.54,5.96,170.19,Coffee
92.47,21.22,37.91,24.07,59.7,6.11,132.05,Coffee
101.89,27.87,36.74,20.92,58.14,6.1,142.98,Coffee
101.36,23.97,32.65,23.03,57.02,5.97,140.76,Coffee
100.87,27.79,30.23,21.08,59.18,5.75,150.77,Coffee
98.74,26.24,35.67,22.81,53.41,6.0,151.19,Coffee
98.19,20.73,33.55,21.52,52.36,5.82,123.83,Coffee
96.68,21.2,33.21,22.02,49.22,6.25,133.33,Coffee
92.94,18.86,38.24,23.14,57.25,5.93,177.97,Coffee
94.64,22.05,31.86,21.11,59.47,6.05,168.33,Coffee
83.76,19.69,33.06,23.0,59.52,5.98,156.8,Coffee
90.48,24.84,36.44,22.68,65.34,6.26,165.55,Coffee
79.91,26.45,37.65,25.01,64.12,6.26,164.64,Coffee
101.74,27.49,35.72,21.43,58.98,6.06,151.25,Coffee
88.77,18.42,32.53,23.81,65.27,6.15,167.62,Coffee
94.6,18.14,33.48,22.74,58.34,6.01,157.36,Coffee
99.27,21.8,28.65,22.52,60.15,6.2,140.54,Coffee
97.56,23.23,35.15,23.93,57.8,5.9,149.8,Coffee
91.8,23.77,32.62,23.23,59.67,6.04,142.34,Coffee
93.3,22.74,35.67,23.0,65.68,5.83,148.93,Coffee
87.13,23.43,31.28,22.72,58.76,6.05,140.79,Coffee
92.02,26.09,35.95,22.44,59.16,6.27,146.08,Coffee
91.55,20.79,33.17,22.41,55.73,5.81,136.18,Coffee
97.96,21.55,34.31,24.27,64.32,5.95,139.49,Coffee
90.68,24.23,34.32,22.61,57.29,5.87,155.33,Coffee
88.42,24.99,33.22,22.85,55.54,6.0,144.53,Coffee
94.75,26.18,35.59,22.21,57.63,6.1,171.64,Coffee
96.41,24.22,37.03,24.42,53.5,6.11,166.4,Coffee
88.31,20.29,32.16,22.27,58.39,6.04,164.43,Coffee
100.41,20.41,32.18,24.32,62.16,6.01,157.89,Coffee
94.85,23.81,33.88,23.27,54.96,5.89,138.72,Coffee
93.13,20.18,33.22,21.49,61.83,5.99,121.58,Coffee
90.83,23.34,33.19,22.3,59.75,6.06,126.06,Coffee
97.75,20.5,34.94,22.96,58.24,5.83,145.24,Coffee
103.13,19.1,40.64,22.74,60.12,5.82,137.15,Coffee
92.49,19.89,34.3,22.59,66.17,5.81,151.71,Coffee
96.24,19.82,37.29,22.6,51.69,6.11,131.38,Coffee
89.76,24.22,33.84,23.92,64.03,5.89,163.22,Coffee
91.22,28.08,32.69,24.03,62.81,6.05,138.82,Coffee
94.24,17.12,35.75,23.35,60.44,5.5,128.91,Coffee
91.26,23.23,35.96,22.83,62.12,5.83,160.17,Coffee
97.37,23.44,34.39,24.83,61.64,5.84,154.14,Coffee
98.76,21.03,38.63,23.38,52.19,6.05,143.23,Coffee
97.69,24.86,35.65,24.67,59.4,6.1,163.42,Coffee
94.51,24.45,33.02,22.58,55.63,6.04,155.42,Coffee
100.9,24.48,34.05,21.82,61.44,6.19,162.59,Coffee
100.42,21.97,33.44,22.26,59.81,5.99,153.44,Coffee
94.35,22.17,32.41,23.94,60.26,5.97,137.54,Coffee
88.34,25.77,36.85,21.38,62.54,6.15,152.07,Coffee
102.99,23.04,30.28,23.37,60.82,5.9,159.56,Coffee
86.66,24.98,32.07,22.02,59.62,6.07,152.73,Coffee
91.29,21.23,31.22,22.78,63.58,6.0,164.32,Coffee
102.28,21.03,34.38,25.17,64.81,5.72,156.45,Coffee
95.0,24.57,32.52,22.16,57.75,5.9,163.59,Coffee
89.09,20.94,29.04,24.01,64.24,5.95,145.03,Coffee
97.27,26.19,36.36,22.3,54.6,5.81,151.22,Coffee
91.72,22.99,33.16,21.94,56.08,6.26,164.82,Coffee
103.65,23.85,33.57,24.32,59.89,6.04,149.29,Coffee
80.27,26.51,36.64,23.33,59.79,6.03,140.05,Coffee
98.08,19.23,35.62,23.56,59.34,6.06,133.48,Coffee
90.17,23.09,37.26,21.13,61.74,5.91,146.79,Coffee
88.3,20.37,38.22,23.03,58.72,5.98,158.15,Coffee
97.2,22.31,38.64,23.97,61.38,6.01,160.96,Coffee
96.57,25.15,38.0,21.98,56.38,5.88,166.27,Coffee
87.12,23.49,36.21,24.16,60.6,5.78,134.01,Coffee
89.09,21.16,34.39,21.83,64.9,5.78,172.44,Coffee
100.93,24.75,32.69,23.34,55.74,6.15,148.77,Coffee
92.95,19.44,26.74,21.96,63.71,5.93,147.18,Coffee
98.28,27.01,39.42,22.03,53.52,6.39,187.82,Coffee
95.94,19.32,38.21,22.89,59.62,6.15,155.57,Coffee
89.07,21.69,37.2,23.51,60.87,6.16,143.97,Coffee
95.89,14.06,33.5,23.76,58.7,5.92,132.64,Coffee
100.02,23.87,37.75,21.27,59.47,5.95,145.32,Coffee
91.92,21.63,37.83,21.09,65.92,6.08,149.29,Coffee
99.53,18.87,32.78,22.88,64.55,5.99,157.5,Coffee
92.05,23.72,40.59,24.0,59.73,6.11,159.63,Coffee
97.53,25.28,38.68,22.87,62.14,5.94,134.62,Coffee
93.65,22.31,29.46,23.86,50.78,6.45,175.03,Coffee
93.69,22.52,36.01,22.41,60.64,5.98,148.43,Coffee
95.91,19.22,35.13,23.16,60.43,5.96,168.96,Coffee
93.23,23.07,39.32,22.92,60.71,5.98,170.62,Coffee
93.71,25.71,34.65,22.14,62.26,5.95,160.34,Coffee
81.35,22.51,33.47,21.94,58.16,5.9,149.2,Coffee
88.16,23.29,39.55,23.28,62.7,6.18,170.61,Coffee
104.35,21.25,32.61,23.78,62.36,6.13,181.49,Coffee
95.06,23.57,31.73,25.14,58.88,5.95,144.22,Coffee
91.78,20.68,33.25,21.63,57.38,6.32,162.26,Coffee
99.63,25.44,41.11,21.23,55.9,5.87,142.17,Coffee
93.5,21.38,35.73,23.04,57.59,5.64,133.45,Coffee
92.25,21.88,31.23,22.51,56.23,5.98,132.12,Coffee
90.76,19.23,34.49,22.13,63.02,6.07,148.84,Coffee
91.01,23.45,37.3,23.14,65.35,6.08,165.23,Coffee
95.67,24.19,32.34,22.54,61.16,6.06,158.46,Coffee
100.5,18.94,31.75,23.23,57.59,6.56,158.6,Coffee
94.61,21.21,33.4,23.03,60.37,5.92,145.45,Coffee
101.72,25.96,35.84,21.66,61.8,6.26,172.83,Coffee
98.67,26.06,35.18,23.63,57.73,6.05,172.16,Coffee
92.05,20.35,35.32,22.77,62.16,5.92,178.64,Coffee
88.55,25.63,32.45,21.2,60.79,5.96,131.51,Coffee
86.59,22.48,38.25,23.58,60.19,6.08,149.55,Coffee
87.85,18.95,34.32,22.84,62.84,6.13,160.09,Coffee
93.6,19.05,36.37,23.53,52.04,5.86,138.48,Coffee
95.59,20.49,34.87,22.79,59.47,5.88,139.35,Coffee
89.6,23.45,36.9,22.23,65.07,5.95,175.5,Coffee
91.79,17.43,36.34,23.25,60.11,5.89,149.42,Coffee
92.44,21.74,37.81,23.18,62.03,5.96,144.3,Coffee
89.23,21.57,23.93,22.41,59.73,6.09,145.52,Coffee
96.74,17.05,34.81,21.32,55.97,5.97,171.27,Coffee
96.86,22.55,34.93,22.29,58.19,6.07,126.91,Coffee
97.97,21.53,37.75,23.96,54.42,5.9,135.74,Coffee
85.94,19.92,43.14,23.61,66.39,6.14,137.64,Coffee
93.09,23.97,36.46,22.42,54.97,6.55,147.65,Coffee
93.37,22.78,34.19,23.12,64.29,5.98,130.62,Coffee
94.19,21.34,39.75,24.17,60.36,5.79,129.57,Coffee
95.08,23.34,33.75,22.52,58.02,6.0,110.29,Coffee
89.49,20.93,39.03,22.19,60.6,6.04,171.63,Coffee
101.31,22.36,33.42,22.34,59.2,5.93,159.23,Coffee
97.1,23.98,39.2,24.86,60.42,6.18,144.14,Coffee
100.93,25.15,38.36,23.09,57.77,5.77,149.33,Coffee
102.67,21.73,37.62,23.84,59.05,6.22,101.52,Coffee
88.89,20.21,32.27,23.34,60.97,6.07,159.93,Coffee
90.25,19.45,36.32,22.37,54.77,6.16,173.25,Coffee
102.79,22.97,37.09,24.37,57.86,6.19,154.59,Coffee
99.57,22.97,39.32,23.22,55.05,6.24,134.21,Coffee
